screen_size,harddisk,ram,graphics,cpu_speed,rating,price
14,1000,8,0,1.2,,589.99
15.6,1000,64,0,1.46,4.5,999.99
15.66,,32,1,1.8,5,1599.00
13.3,256,8,0,1.46,4.8,689.99
15.3,256,8,0,1.46,4.8,1144.48
15.6,128,8,0,1.46,4.5,299.99
13.3,256,8,0,1.46,4.7,965.08
15.6,64,4,0,1.46,4.4,239.99
16,512,16,1,1.46,4.4,1274.03
15.6,128,8,0,1.46,4.3,299.99
15.6,512,16,1,1.46,4.4,814.77
14,1,16,0,1.46,4.4,379.99
15.6,1152,20,0,1.1,5,389.99
15.6,1000,16,0,1.1,4.4,459.99
15.6,1000,20,0,1.46,,639.99
17.3,1,16,1,1.46,,4.41
15.6,1,16,0,1.46,4.2,473.00
11.6,64,4,0,1.1,4,155.00
15.6,512,8,1,1.46,4.5,699.99
15.6,512,16,1,1.46,4.5,938.00
15.6,256,20,0,1.46,4.3,419.00
15.6,256,8,1,1.46,4.3,801.96
16,1,16,1,1.46,4.5,1799.99
14,64,4,0,1.46,4.4,249.00
17.3,1,32,0,1.46,4.6,510.00
15.6,512,16,0,1.46,4.3,527.15
16,,32,1,5.6,4.3,2199.00
15.6,,32,1,1.8,1,1699.00
16,1000,32,0,1.46,,899.99
14,1000,8,0,1.2,,589.99
15.6,1000,64,0,1.46,4.5,999.99
15.66,,32,1,1.8,5,1599.00
14,1,20,0,1.46,4.3,359.00
14,64,4,0,1.46,3.8,209.99
15.6,512,8,0,1.46,4.5,637.35
15.6,1,16,0,1.46,4.1,439.00
14,128,8,0,1.46,4.3,372.66
15.6,1,16,1,1.46,4.3,1429.00
14,128,8,1,1.46,,4.5281.69
15.6,64,4,0,1.46,4.1,236.47
15,256,8,0,1.46,4.5,337.96
15.6,1152,20,0,1.1,5,389.99
15.6,1000,16,0,1.1,4.4,459.99
15.6,1000,20,0,1.46,,639.99
13.3,1,32,0,1.46,4.3,1399.99
15.6,1,16,1,1.46,4.6,1044.77
15.6,64,8,0,1.46,4.2,294.29
15.6,64,4,0,1.46,4.2,224.00
14,128,4,1,1.46,,4.3225.82
14,256,16,0,2.1,4.2,539.99
15.6,128,4,0,1.46,4.3,229.99
13.4,1,16,1,1.46,4.4,1749.99
15.6,1,16,0,1.46,4.5,465.00
16,2,32,1,1.46,4.1,3349.00
18,2,32,1,1.46,4.3,3899.00
15.6,,32,1,1.8,1,1699.00
16,1000,32,0,1.46,,899.99
14,1000,8,0,1.2,,589.99
15.6,1000,64,0,1.46,4.5,999.99
15.66,,32,1,1.8,5,1599.00
17,2,32,1,1.46,4.3,1734.71
13.4,1,32,1,1.46,4.2,2499.99
11.6,32,4,0,1.46,4.3,114.74
15,512,16,1,1.46,,4.41
15.6,512,16,1,1.46,4.5,1150.99
15.6,1,16,1,1.46,4.3,1149.00
14,64,4,0,1.46,4.3,199.99
17.3,1,32,1,1.46,4.1,2619.99
14,128,8,0,1.46,4.5,426.64
15.6,1152,20,0,1.1,5,389.99
15.6,1000,16,0,1.1,4.4,459.99
15.6,1000,20,0,1.46,,639.99
17.3,512,8,1,1.46,4.5,783.95
13.3,128,8,0,1.46,4.4,479.00
15.6,1,16,0,1.46,4.1,553.00
14,512,16,0,1.46,4,399.00
11.6,,4,1,2.6,5,271.99
15.6,,32,1,1.8,1,1699.00
16,1000,32,0,1.46,,899.99
14,1000,8,0,1.2,,589.99
15.6,1000,64,0,1.46,4.5,999.99
15.66,,32,1,1.8,5,1599.00
14,512,16,1,1.46,,4.3762.19
15.6,1,16,0,1.46,3.7,989.99
16.2,512,32,0,1.46,4.7,1899.00
15.6,256,8,0,1.46,4.4,488.94
16,13.6,512,1,,,4.8
14,64,16,0,1.1,4.7,389.99
15.6,16,16,0,1.46,4.8,1099.99
14.4,2,64,1,1.46,,3699.99
15.6,1,32,0,1.46,4.3,1299.00
15.6,1152,20,0,1.1,5,389.99
15.6,1000,16,0,1.1,4.4,459.99
15.6,1000,20,0,1.46,,639.99
14,,,1,1.46,4.4,1199.00
13,256,16,0,3.4,4.7,1457.99
15.6,1,16,0,1.46,4.3,469.00
11.6,64,4,0,1.46,4.2,134.90
15.6,512,8,1,1.46,4,879.99
15.6,1,16,0,1.46,5,749.99
11.6,64,4,0,1.46,4.5,226.00
15.6,,32,1,1.8,1,1699.00
16,1000,32,0,1.46,,899.99
14,1000,8,0,1.2,,589.99
15.6,1000,64,0,1.46,4.5,999.99
15.66,,32,1,1.8,5,1599.00
14.5,1,32,1,1.46,4,2399.99
11.6,32,4,0,1.46,4.3,184.62
17.3,1,32,1,1.46,4.2,2793.89
15.6,256,8,1,1.46,4.3,429.00
15.6,512,16,1,1.46,4.1,729.99
16,13.6,256,1,,,3.45
14,256,16,0,1.46,4,1000.00
16,1,32,1,5.6,3.7,2499.99
15.6,1152,20,0,1.1,5,389.99
15.6,1000,16,0,1.1,4.4,459.99
15.6,1000,20,0,1.46,,639.99
15.6,64,4,0,1.1,4.4,205.00
14,128,8,0,1.46,3.9,265.99
15.6,128,4,1,1.46,,4.5367.29
14,1,16,1,1.46,4.3,2699.99
15.6,128,8,1,,,4.5
16,1,16,1,1.46,,4.51
16,1000,16,1,1.46,4.3,1589.99
15.6,1,32,1,1.46,4.6,1399.99
13.4,512,16,1,1.46,,4.11
15.6,512,16,1,1.46,4.2,1129.99
14,1000,8,0,1.2,,589.99
15.6,1000,64,0,1.46,4.5,999.99
15.66,,32,1,1.8,5,1599.00
14,1000,8,0,1.2,,589.99
15.6,1000,64,0,1.46,4.5,999.99
15.66,,32,1,1.8,5,1599.00
14,256,8,0,1.46,4.4,479.99
16,32,4,1,1.46,4.3,94.98
17,2,32,1,1.46,3.7,2296.99
15.6,,32,1,1.8,1,1699.00
16,1,32,1,,,
16,1,16,1,1.46,4,1484.99
14,512,16,1,1.46,,4.81
17.3,,16,1,4.5,3.5,873.00
15.6,256,12,1,,,4.4
15.6,1152,20,0,1.1,5,389.99
15.6,1000,16,0,1.1,4.4,459.99
15.6,1000,20,0,1.46,,639.99
12.45,256,8,0,1.46,4.4,529.00
14,64,8,1,1.1,4.1,299.00
14,512,16,1,1.46,,3.7535.99
14,128,4,0,1.46,4,191.87
15.6,256,8,1,1.46,4.6,600.51
16,1,32,1,1.46,3,3059.00
16,,32,0,2.2,4,1939.99
15.6,64,8,0,2.4,4.1,247.05
15.6,,32,1,1.8,1,1699.00
16,1000,32,0,1.46,,899.99
14,1000,8,0,1.2,,589.99
15.6,1000,64,0,1.46,4.5,999.99
15.66,,32,1,1.8,5,1599.00
13.3,64,8,0,1.46,4.4,424.46
16,1,32,1,1.46,3.8,3611.89
15,1,32,0,1.46,4.3,685.00
16,512,16,1,1.46,4.2,1284.93
14,256,8,0,1.46,4.5,570.00
17.3,256,8,1,,,4.5
14,1,32,0,1.46,5,1949.99
16,1,32,0,5,4.3,1757.57
17.3,1,16,0,1.46,4.2,557.00
15.6,1152,20,0,1.1,5,389.99
15.6,1000,16,0,1.1,4.4,459.99
15.6,1000,20,0,1.46,,639.99
17.3,1,32,1,1.46,,1999.99
17.3,,32,1,2.4,,1399.00
14,256,16,0,1.46,4.1,219.00
16,32,32,1,1.46,2.5,2199.00
14.5,1,32,1,1.46,4.1,2299.99
16,512,8,0,1.46,4.6,561.00
14,256,4,0,1.46,4.2,181.99
16,1,16,1,1.46,5,2091.05
16,2,32,1,1.46,4.2,2499.00
15.6,,32,1,1.8,1,1699.00
16,1000,32,0,1.46,,899.99
14,1000,8,0,1.2,,589.99
15.6,1000,64,0,1.46,4.5,999.99
15.66,,32,1,1.8,5,1599.00
11.6,,4,0,1.46,4.4,160.00
14,64,4,0,1.46,4.1,231.85
14,256,8,0,1.46,4.5,514.99
15.6,1,32,1,1.46,4.6,2849.00
15.6,1000,32,0,3,4.7,579.99
11.6,64,4,0,1.46,4.1,279.99
15.6,256,12,0,1.46,4.3,561.99
16,256,8,0,1.46,4.1,682.00
15.6,1152,20,0,1.1,5,389.99
15.6,1000,16,0,1.1,4.4,459.99
15.6,1000,20,0,1.46,,639.99
14,512,8,1,1.46,4.1,542.95
14,512,16,1,,,
13.3,256,8,0,1.46,4.2,643.00
17.3,128,4,0,1.46,3.5,328.67
15.6,2,64,0,1.46,4.2,1000.00
16,1000,32,0,1.46,,899.99
15.6,,32,1,1.8,1,1699.00
14,1000,8,0,1.2,,589.99
15.6,1000,64,0,1.46,4.5,999.99
15.66,,32,1,1.8,5,1599.00
16,2,32,0,1.46,4.7,1899.00
14,512,8,0,1.46,,499.99
16,,7,1,,,1
17.3,1000,32,0,1.46,4,619.99
13,256,8,0,1.46,4.5,799.00
13.4,1,32,1,1.46,,2.81
14,1000,8,0,1.2,,589.99
15.6,1000,64,0,1.46,4.5,999.99
15.6,256,8,0,2.4,5,499.00
14,256,16,0,1.46,4.4,622.04
15.6,256,8,0,1.46,5,748.47
14,1000,8,0,1.2,,589.99
15.6,1000,64,0,1.46,4.5,999.99
15.6,1,16,1,4.7,4.4,2499.99
13.4,1,16,1,1.46,,51
15.6,1,16,1,1.46,4.2,1659.68
15.6,128,8,0,1.46,4.5,377.00
14,64,4,0,1.46,4.2,299.00
15.6,1,32,0,1.46,5,939.99
14,1000,8,0,1.2,,589.99
15.6,1000,64,0,1.46,4.5,999.99
16,1,16,1,1.46,,51
16,2,32,1,1.46,3.5,3849.99
11.6,64,4,0,2.8,4,252.54
14,1000,8,0,1.2,,589.99
15.6,1000,64,0,1.46,4.5,999.99
14,256,8,0,1.46,4.6,499.99
16,1,16,1,1.46,4.5,1612.99
12.2,32,4,0,1.46,4.5,447.95
15.6,1,20,0,1.46,4.4,487.00
14,1000,8,0,1.2,,589.99
15.6,1000,64,0,1.46,4.5,999.99
13.3,,4,0,1.46,4.1,433.99
15.6,512,16,0,2.4,4.3,520.00
17,1,16,0,1.46,4,1399.99
15.6,512,16,0,1.46,5,1428.96
14,1000,8,0,1.2,,589.99
15.6,1000,64,0,1.46,4.5,999.99
15.6,512,16,1,1.46,,1749.33
14,512,8,1,1.46,,4.2608.00
16,2,32,1,1.46,4.1,1896.99
15.6,512,16,1,4.5,4.3,999.00
14,256,8,1,1.46,4.4,357.50
15.6,512,16,0,1.46,4.5,1465.80
16,1,16,0,5,2.9,1799.00
15.6,1000,32,1,1.46,,949.99
14,32,4,0,1.46,4.5,150.00
14,1,32,0,5,4.2,1796.99
15.6,1,32,1,1.46,,1697.23
15.6,1152,20,0,1.1,5,389.99
15.6,1000,16,0,1.1,4.4,459.99
15.6,1000,20,0,1.46,,639.99
15.6,512,16,1,1.46,4,1497.99
14,1,16,1,,,
15.6,512,16,1,1.46,,3.4699.00
14,64,4,0,1.46,4.1,239.00
13.5,512,16,0,1.46,5,1198.99
14,512,16,1,,,1.33.8
13.3,512,16,1,,,4.6
13.3,,16,0,1.46,4.7,911.00
16,1000,32,0,1.46,,899.99
15.66,,32,1,1.8,5,1599.00
15.6,,32,1,1.8,1,1699.00
14,1000,8,0,1.2,,589.99
15.6,1000,64,0,1.46,4.5,999.99
14,64,4,0,1.46,4.2,129.99
14,512,16,1,1.46,4.2,886.37
13.3,,16,0,2.1,4.4,729.00
14,256,8,0,1.46,4,159.99
15.6,1,32,1,1.46,4.1,732.00
14,1000,8,0,1.2,,589.99
15.6,1000,64,0,1.46,4.5,999.99
15.6,128,4,0,1.46,4.1,185.95
14,64,4,0,1.46,4.4,204.00
17.3,512,16,0,1.46,4,699.99
15.6,512,8,0,1.46,,485.00
15.6,512,16,0,1.46,,1499.99
14,128,4,0,1.46,4.3,460.48
17,512,16,0,3.7,,1199.00
14,1000,8,0,1.2,,589.99
15.6,1000,64,0,1.46,4.5,999.99
16,1,16,1,,4.7,4.8849.00
14,64,4,0,1.46,4.2,220.69
16,512,16,1,1.46,,51
14,512,8,0,1.46,4.2,443.00
14,64,4,0,1.46,4.2,225.00
14,1,16,1,1.46,,3.6655.96
14,1000,8,0,1.2,,589.99
15.6,1000,64,0,1.46,4.5,999.99
15.6,1,32,0,2.4,5,689.65
17.3,64,4,1,,,4
16,4,32,1,,,
15.6,512,16,1,1.46,5,1137.02
14,1000,8,0,1.2,,589.99
15.6,1000,64,0,1.46,4.5,999.99
17.3,64,4,0,1.46,4.5,247.36
15.6,512,16,1,1.46,4.6,1199.00
15.6,512,8,0,1.46,4.3,450.00
14.5,512,12,0,2.3,3.8,689.49
15.6,4,64,1,,,
15.6,512,16,1,,,
16,512,16,1,1.46,4,1399.99
14,1000,8,0,1.2,,589.99
15.6,1000,64,0,1.46,4.5,999.99
14,512,16,1,1.46,,3.9979.99
15.6,512,16,1,,,
14,128,4,0,1.46,4.3,345.00
16,2,32,1,1.46,,2198.99
13.1,240,8,0,1.46,4.1,420.00
14,1000,8,0,1.2,,589.99
15.6,1000,64,0,1.46,4.5,999.99
14,512,16,1,1.46,4.8,1658.99
13.1,256,16,0,1.46,4.8,1550.99
11.6,128,4,0,1.46,4.1,245.00
16,1,16,1,1.46,3,1646.99
15.6,512,16,0,1.46,,1109.18
14,1000,8,0,1.2,,589.99
15.6,1000,64,0,1.46,4.5,999.99
),,4020,1,1.46,,4.2195.00
15.6,1,4,0,1.46,3.8,269.00
15.6,512,16,0,1.46,5,1349.99
14,256,8,1,1.46,3.9,835.85
12,32,4,0,1.46,4.2,278.97
14,1000,8,0,1.2,,589.99
15.6,1000,64,0,1.46,4.5,999.99
15.6,512,16,1,1.46,4.8,1576.57
16,512,32,1,1.46,,2549.00
17,2,32,1,1.46,5,3499.99
14,1000,32,0,2.4,3.3,729.99
15.6,512,8,1,1.46,4.3,934.00
15.6,64,4,0,1.46,4.3,129.99
14,1000,8,0,1.2,,589.99
15.6,1000,64,0,1.46,4.5,999.99
13.3,64,4,0,1.46,4.2,469.99
17.3,2,32,1,1.46,4.5,1259.00
15.6,1,32,1,,,
14,1000,8,0,1.2,,589.99
15.6,1000,64,0,1.46,4.5,999.99
14,1000,32,0,1.46,,2023.03
16,2,32,1,1.46,2.6,1699.99
13.3,256,8,0,1.46,4,1068.99
14,64,4,1,1.46,,4.9283.55
14,1,16,0,1.46,3.6,658.94
15.6,512,16,0,1.46,4,1599.00
17,512,32,1,1.46,5,2475.00
13,,8,0,1.46,4.8,1178.00
15.6,1152,20,0,1.1,5,389.99
15.6,1000,16,0,1.1,4.4,459.99
15.6,1000,20,0,1.46,,639.99
16,512,8,0,1.46,4.1,699.99
15.6,512,16,0,1.46,4.1,1177.42
15.6,256,8,0,1.46,4.4,346.90
15.6,,16,1,,,3060
14,512,16,0,1.46,3.8,1211.99
15.6,256,8,1,1.46,,4.3423.99
15.6,1,32,1,1.46,3,1499.00
14,1,16,0,1.46,3.9,1406.88
16,1000,32,0,1.46,,899.99
14,1000,8,0,1.2,,589.99
15.6,1000,64,0,1.46,4.5,999.99
14,,16,0,5.1,,1829.99
15.6,512,8,1,1.46,4.3,606.15
15.6,1,32,1,1.46,5,1899.00
15.6,256,16,0,1.46,,1038.43
16,2,40,1,,4.4,4.71
14,512,8,0,1.7,,922.55
14,1000,8,0,1.2,,589.99
15.6,1000,64,0,1.46,4.5,999.99
,4,96,0,1.46,,5299.00
14,,8,1,,,4.5629.49
13.3,512,32,0,5.2,,1507.90
15.6,512,16,0,1.46,4.7,649.00
13,,4,1,2,4.1,195.99
15.6,512,8,1,1.46,4.5,940.47
14,1000,8,0,1.2,,589.99
15.6,1000,64,0,1.46,4.5,999.99
11.6,256,6,0,1.46,3.5,308.42
16,1,16,1,5.6,4.2,1799.99
16.2,2,64,0,3.6,,4079.99
15.6,1,16,0,1.46,5,799.00
14,512,16,1,1.46,,1681.99
16,1,32,1,1.46,5,1743.00
16,1,64,0,2.2,,4762.76
10.5,65,4,0,1.46,4.1,349.95
15.6,1152,20,0,1.1,5,389.99
15.6,1000,16,0,1.1,4.4,459.99
15.6,1000,20,0,1.46,,639.99
14,256,8,0,1.46,5,428.45
14,32,8,1,,,4.1
11.6,,,0,1.8,4.4,139.00
15.6,512,8,0,4.3,4.8,619.99
14,256,16,0,3,3.9,691.53
13.6,1,16,0,1.46,,2778.00
16,1000,32,0,1.46,,899.99
14,1000,8,0,1.2,,589.99
15.6,1000,64,0,1.46,4.5,999.99
14,2,32,1,,,
14,64,4,0,1.46,4.5,259.95
13.3,32,4,1,,,4.5
14,1000,8,0,1.2,,589.99
15.6,1000,64,0,1.46,4.5,999.99
15.6,1,16,1,1.46,4.1,2099.99
14,1,16,1,1.46,,1
15.6,512,12,1,1.46,4.3,508.00
15.6,4,64,1,,,
12.3,256,8,0,1.46,4.4,624.99
15.6,1,32,1,,,
14,1000,8,0,1.2,,589.99
15.6,1000,64,0,1.46,4.5,999.99
14,512,16,1,1.46,3.6,1029.99
14,128,8,0,1.46,4.3,313.00
15.6,512,8,0,4.3,5,699.99
16,512,16,1,1.46,,1161.11
15.6,128,8,0,1.46,4.5,548.00
14,1000,8,0,1.2,,589.99
15.6,1000,64,0,1.46,4.5,999.99
15.6,256,8,0,1.46,4.3,389.00
10.1,64,4,0,1.46,4.4,349.00
17.3,512,8,1,,,
14,1,16,0,1.46,,1303.76
15.6,512,32,1,1.46,,22
15.6,256,16,1,1.46,,1169.99
14,1000,8,0,1.2,,589.99
15.6,1000,64,0,1.46,4.5,999.99
12,256,8,0,1.46,5,993.99
15,512,8,0,1.46,4.9,858.98
13.9,1,1,1,1.46,4.1,1399.90
14,512,16,1,1.46,4.2,2079.99
13.3,1,32,1,2.2,4.3,1299.00
14,1000,8,0,1.2,,589.99
15.6,1000,64,0,1.46,4.5,999.99
16,1,32,1,1.46,,2349.99
18,1000,32,0,1.46,,2929.99
15.6,1000,32,0,1.46,,930.17
17.3,32,4,0,1.1,4,259.99
14,256,8,1,1.46,5,899.00
17.3,256,8,0,1.46,3.5,493.49
16,,32,1,3.7,,1900.58
14,1000,8,0,1.2,,589.99
15.6,1000,64,0,1.46,4.5,999.99
16,1,32,1,1.46,,3499.00
16,1,40,1,1.46,,1
15.6,120,8,0,2.66,4,159.00
16,,32,1,1.46,5,1799.00
15.6,256,4,1,1.46,,4.5395.00
14,512,16,0,1.46,3.6,799.99
15.6,1,16,1,1.46,,2
15.6,1152,20,0,1.1,5,389.99
15.6,1000,16,0,1.1,4.4,459.99
15.6,1000,20,0,1.46,,639.99
15.6,1,32,0,1.46,4.3,548.00
14,1000,8,0,1.2,,589.99
15.6,1000,64,0,1.46,4.5,999.99
11.6,128,4,0,1.46,4.5,369.00
17.3,512,8,0,1.46,4.9,639.99
14,1000,8,0,1.2,,589.99
15.6,1000,64,0,1.46,4.5,999.99
15.6,512,16,1,,,1
14,512,8,0,2,4,350.00
15.6,512,16,0,2,4.3,675.00
14,,16,1,,,5595.97
16,1000,16,0,1.46,,849.99
14.1,256,8,0,1.46,4.4,415.00
15.6,256,4,0,1.46,5,299.99
15.6,1152,20,0,1.1,5,389.99
15.6,1000,16,0,1.1,4.4,459.99
15.6,1000,20,0,1.46,,639.99
15.6,512,16,1,1.46,,816.33
15.6,64,8,0,1.46,4.4,399.99
17.3,512,16,1,4.5,4.3,2199.00
15.6,256,8,1,,,4.7719.99
14,1000,8,0,1.2,,589.99
15.6,1000,64,0,1.46,4.5,999.99
14,1,16,1,1.46,3.7,1299.99
15.6,256,8,0,1.46,4.1,457.64
14,1000,8,0,1.2,,589.99
15.6,1000,64,0,1.46,4.5,999.99
11,16,4,0,1.46,4,57.99
15.6,512,16,1,1.46,5,1169.99
13.3,,16,0,1.46,4.8,799.99
15.6,256,8,1,1.46,4,799.00
14,1000,8,0,1.2,,589.99
15.6,1000,64,0,1.46,4.5,999.99
15.6,,,1,1.46,5,949.31
14,512,16,1,1.46,,3.61
15.6,64,8,0,1.46,4.1,345.44
16,512,16,1,1.46,,1427.99
14,1000,8,0,1.2,,589.99
15.6,1000,64,0,1.46,4.5,999.99
14,512,8,0,1.46,4.3,668.55
14,256,8,0,2.4,3.7,883.58
13.5,512,16,1,1.46,4,2039.00
17.3,1,32,1,1.46,,1499.00
14,1000,8,0,1.2,,589.99
15.6,1000,64,0,1.46,4.5,999.99
17.3,1,16,1,1.46,3.5,2149.00
14,1000,8,0,1.2,,589.99
15.6,1000,64,0,1.46,4.5,999.99
15.6,,32,1,3.5,3.9,1149.99
17,1,16,0,1.46,4.4,1787.62
14,512,16,0,1.46,3.8,1299.99
14,,32,1,,,4.21
14,1000,8,0,1.2,,589.99
15.6,1000,64,0,1.46,4.5,999.99
15.6,512,32,0,1.46,3.4,602.00
14,1,8,0,1.46,4.3,379.00
,1,64,0,1.46,,3699.00
15.6,512,16,1,1.46,,1578.21
11.6,32,4,1,,,
14,1000,8,0,1.2,,589.99
15.6,1000,64,0,1.46,4.5,999.99
14,1000,,0,1.7,,409.99
16,1,32,1,1.46,,3499.00
17.3,256,12,0,1.46,4.3,478.99
14,,16,0,1.46,4.5,589.00
14,1000,8,0,1.2,,589.99
15.6,1000,64,0,1.46,4.5,999.99
14.5,512,8,1,,,4.2
14,1,32,0,1.46,,1670.17
14,1000,8,0,1.2,,589.99
15.6,1000,64,0,1.46,4.5,999.99
15.6,256,16,0,2.4,5,899.00
11.6,,4,1,1.46,4,240.74
13.4,512,16,0,1.46,3,992.99
15.6,1152,20,0,1.1,5,389.99
15.6,1000,16,0,1.1,4.4,459.99
15.6,1000,20,0,1.46,,639.99
15.6,512,8,0,4.1,4.3,504.00
14,256,16,1,1.46,,1900.08
13.3,,16,1,,,
14,128,4,0,3.4,4.3,284.92
15.6,512,16,0,1.46,3,714.99
11.6,32,4,0,1.46,4.4,270.28
16,1000,32,0,1.46,,899.99
14,1000,8,0,1.2,,589.99
15.6,1000,64,0,1.46,4.5,999.99
14,1000,32,1,1.46,,2167.89
13.5,256,16,1,1.46,4,1003.99
14,32,4,1,,,4.2
14,512,16,0,1.46,3.8,499.99
14,1000,8,0,1.2,,589.99
15.6,1000,64,0,1.46,4.5,999.99
16,1,32,1,4.7,3.7,2699.00
15.6,1000,32,1,1.46,,1389.84
14,64,4,0,1.1,4.3,229.99
14,1000,8,0,1.2,,589.99
15.6,1000,64,0,1.46,4.5,999.99
17.3,1,8,1,1.46,3.4,1449.99
14,256,16,1,1.46,5,1377.76
15.6,1000,32,0,1.46,,1948.99
14,1000,8,0,1.2,,589.99
15.6,1000,64,0,1.46,4.5,999.99
14,512,16,1,1.46,3.6,699.99
14,1000,8,0,1.2,,589.99
15.6,1000,64,0,1.46,4.5,999.99
10,8,1,1,8,10.0,-
15.6,128,4,0,1.46,,249.99
14,1000,8,0,1.2,,589.99
15.6,1000,64,0,1.46,4.5,999.99
14,1,16,1,,,
15.6,256,8,1,1.46,,1059.00
14,1000,8,0,1.2,,589.99
15.6,1000,64,0,1.46,4.5,999.99
16,2,64,1,,,
16,1,32,1,2000,,13
14,512,16,0,1.46,3.5,1079.99
17.3,1,32,0,1.46,2,729.99
14,256,8,0,1.46,3.4,219.00
15.6,512,32,1,1.46,,1629.95
15.6,1152,20,0,1.1,5,389.99
15.6,1000,16,0,1.1,4.4,459.99
15.6,1000,20,0,1.46,,639.99
15.6,512,12,0,1.46,4.4,478.88
16,512,16,1,1.46,,1370.49
16,512,32,0,1.46,,1616.99
15.6,2,64,1,,,
14,256,8,0,1.46,4.3,
16,1000,32,0,1.46,,899.99
14,1000,8,0,1.2,,589.99
15.6,1000,64,0,1.46,4.5,999.99
14,512,16,0,1.46,3.4,1849.99
14,64,4,0,1.1,3.8,184.99
15,128,4,0,1.46,4.3,
15.6,,4,0,2.8,3.8,235.75
14,1000,8,0,1.2,,589.99
15.6,1000,64,0,1.46,4.5,999.99
16,2,32,1,1.46,,2899.99
13,1000,16,0,1.46,5,1150.99
14,512,16,1,1.46,,999.99
15.6,512,16,0,2,4.5,709.99
14,64,8,0,1.46,5,489.99
14,1000,8,0,1.2,,589.99
15.6,1000,64,0,1.46,4.5,999.99
14,512,16,0,2.3,,351.98
15.6,256,8,1,1.46,,3.8460.00
14,256,16,1,1.46,,849.00
14,1000,8,0,1.2,,589.99
15.6,1000,64,0,1.46,4.5,999.99
10.1,256,8,0,1.46,5,999.99
14,256,16,1,1.46,,1384.99
13.4,512,16,0,1.46,,1041.99
15.6,512,16,1,1.46,,1698.49
16,512,16,1,1.46,3.1,1449.99
14,512,16,0,1.46,5,425.00
14,1000,8,0,1.2,,589.99
15.6,1000,64,0,1.46,4.5,999.99
15.6,2,64,0,1.46,,1247.21
16,1,16,0,1.46,,899.99
15.6,,8,1,4,4.3,980.00
14,,8,1,1.46,,332.88
17,2,16,0,1.46,4.2,1782.96
11.6,,4,0,1.46,4.6,195.99
14,1,16,0,1.46,4.7,1356.00
15.6,1152,20,0,1.1,5,389.99
15.6,1000,16,0,1.1,4.4,459.99
15.6,1000,20,0,1.46,,639.99
17.3,,16,1,1.46,4.3,1799.00
12.3,512,16,1,,,4
15.6,512,16,1,1.46,,630.15
13.6,512,16,0,3.49,,1588.42
11.6,32,4,0,1.46,3.9,203.77
14,,8,0,1.46,,909.99
16,1000,32,0,1.46,,899.99
14,1000,8,0,1.2,,589.99
15.6,1000,64,0,1.46,4.5,999.99
11.6,32,32,0,1.46,4.1,204.95
13.3,1024,16,1,1.46,3.9,1163.21
15.6,256,8,0,1.46,,901.85
14,64,4,0,1.46,4,177.00
15.6,512,16,0,2.6,,2499.00
11.6,16,4,1,1.46,,4.375.00
14,1000,8,0,1.2,,589.99
15.6,1000,64,0,1.46,4.5,999.99
14,64,8,0,1.46,3.5,432.70
13.4,1000,32,0,1.46,,1501.49
14,1000,8,0,1.2,,589.99
15.6,1000,64,0,1.46,4.5,999.99
15.6,128,8,0,1.46,3.9,316.99
15.6,512,16,1,1.46,4.1,1320.86
17.3,512,32,1,1.46,,3075.33
14.1,300,2,0,1.46,3.6,84.54
14,64,4,1,,1.1,4.2169.99
14,1000,8,0,1.2,,589.99
15.6,1000,64,0,1.46,4.5,999.99
14,512,16,1,,,2.5
14,320,4,0,1.46,4.3,324.37
15.6,1000,64,1,1.46,,2929.35
16,1,32,1,1.46,,2251.99
14,512,16,0,4.4,4.8,532.49
14,1000,8,0,1.2,,589.99
15.6,1000,64,0,1.46,4.5,999.99
14,128,4,0,1.46,4.3,399.00
11.6,32,4,0,1.46,4.4,239.99
15.6,2000,8,0,3.4,3.5,356.99
14,1000,8,0,1.2,,589.99
15.6,1000,64,0,1.46,4.5,999.99
13.3,256,16,1,1.46,,1863.52
14,512,16,1,1.46,5,2312.24
14,1000,8,0,1.2,,589.99
15.6,1000,64,0,1.46,4.5,999.99
14,512,20,1,,2.8,5499.99
14,1,32,1,,,1
10.1,128,8,0,1.46,4.5,959.00
14,256,16,1,1.46,5,876.02
15.6,,16,1,2.9,3.4,1588.99
14,1000,8,0,1.2,,589.99
15.6,1000,64,0,1.46,4.5,999.99
13.3,256,8,1,1.46,,500.11
16,2,64,1,1.46,,2
17,512,32,1,1.46,,2
,,4,1,400,,341.45
14,1000,8,0,1.2,,589.99
15.6,1000,64,0,1.46,4.5,999.99
11.6,,4,0,1.1,,229.99
15.6,256,8,0,1.46,4.5,528.18
13.3,256,8,0,5500,,3.8699.99
14,1000,8,0,1.2,,589.99
15.6,1000,64,0,1.46,4.5,999.99
14,512,8,1,1.46,,1019.00
14,1,16,1,1.46,,1347.59
13.3,512,8,1,,,4.4
14,512,8,1,1.46,5,819.99
12.4,256,8,0,1.46,,
15.6,1152,20,0,1.1,5,389.99
15.6,1000,16,0,1.1,4.4,459.99
15.6,1000,20,0,1.46,,639.99
15.6,,8,1,1.46,4.8,690.00
15.6,512,32,1,4.7,,1488.95
16,512,16,1,1.46,4.1,900.90
14,32,4,1,,,4.4
16,1000,32,0,1.46,,899.99
14,1000,8,0,1.2,,589.99
15.6,1000,64,0,1.46,4.5,999.99
14,512,16,1,1.46,2,1637.24
11.6,,4,0,1.46,4.4,269.00
15.6,1152,20,0,1.1,5,389.99
15.6,1000,16,0,1.1,4.4,459.99
15.6,1000,20,0,1.46,,639.99
14,256,16,1,1.46,,917.24
14,256,8,0,1.46,,3.8700.00
11.6,,4,0,2.8,1,198.00
17.3,1,12,1,5000,,4519.00
16,1000,32,0,1.46,,899.99
14,1000,8,0,1.2,,589.99
15.6,1000,64,0,1.46,4.5,999.99
13.3,256,8,0,1.7,,2199.00
15.6,256,16,1,1.46,,939.19
17,1,32,1,1.46,,2949.00
14,,16,1,1.46,4.3,1599.00
14,1000,8,0,1.2,,589.99
15.6,1000,64,0,1.46,4.5,999.99
14,512,32,1,1.46,,2
15.6,,64,1,3.5,5,1289.99
15.6,256,4,1,1.46,5,349.99
14,1000,32,0,1.46,,599.99
13.5,,8,0,1.3,4.4,449.00
13.3,512,16,0,1.46,4.2,
15.6,1152,20,0,1.1,5,389.99
15.6,1000,16,0,1.1,4.4,459.99
15.6,1000,20,0,1.46,,639.99
16,1,32,1,,,3050
16,1,16,0,1.46,4.5,1546.84
13.1,480,8,0,1.46,5,552.99
,1,16,1,1.46,,1249.98
16,1000,32,0,1.46,,899.99
14,1000,8,0,1.2,,589.99
15.6,1000,64,0,1.46,4.5,999.99
15.6,256,8,0,1.46,3.5,369.95
15.6,2,64,0,1.46,5,1125.00
13,256,8,0,1.46,1,749.99
15.6,256,32,0,1.46,,479.99
14,1000,8,0,1.2,,589.99
15.6,1000,64,0,1.46,4.5,999.99
16,512,12,0,1.46,,629.00
13.3,256,8,1,1.46,,3.7598.99
13.3,512,16,1,1.46,,3.7849.00
17.3,512,12,1,1.46,,1486.99
13.1,1,16,0,1.46,4.2,599.99
15.6,1000,16,0,1.46,,1767.99
14,1000,8,0,1.2,,589.99
15.6,1000,64,0,1.46,4.5,999.99
13,1000,16,0,1.46,,899.74
17,512,32,1,1.46,,3345.99
14,32,4,0,1.46,4.1,289.00
14,512,32,0,1.46,,1535.99
14,1000,16,0,1.46,5,1499.99
14,1000,8,0,1.2,,589.99
15.6,1000,64,0,1.46,4.5,999.99
11.6,,4,0,1.6,3.9,154.89
17.3,512,8,0,1.46,3.8,743.66
13.4,1,32,0,1.46,,1599.00
14,1000,8,0,1.2,,589.99
15.6,1000,64,0,1.46,4.5,999.99
15.6,512,8,1,1.46,,4.2879.99
16,,16,0,1.46,,1488.64
15,512,16,0,1.46,,986.99
15.6,1,16,0,2.6,4.2,2499.99
15.6,,4,0,2.6,,268.99
14,,,0,4.4,4.1,1026.99
14,1000,8,0,1.2,,589.99
15.6,1000,64,0,1.46,4.5,999.99
15.6,1000,64,0,1.46,4.5,999.99
16,1,64,1,1.46,,3999.99
14,1000,8,0,1.2,,589.99
15.6,1000,64,0,1.46,4.5,999.99
15.6,1,32,1,,,
11.6,32,8,0,1.46,,444.99
15.4,480,16,1,1.46,,5606.89
15.6,128,8,1,1.46,,4.2370.23
16,1,16,1,1.46,4.7,1419.00
14,512,16,1,1.46,,1910.62
15.6,1152,20,0,1.1,5,389.99
15.6,1000,16,0,1.1,4.4,459.99
15.6,1000,20,0,1.46,,639.99
,,16,1,1.46,,1169.00
14,512,16,1,1.46,4.3,711.99
15.6,128,4,1,1.46,4.1,319.00
15.4,240,8,1,1.46,3.9,450.00
16,1000,32,0,1.46,,899.99
14,1000,8,0,1.2,,589.99
15.6,1000,64,0,1.46,4.5,999.99
15.6,512,16,1,,,
14,1000,8,0,1.2,,589.99
15.6,1000,64,0,1.46,4.5,999.99
15.6,256,12,0,1.46,4.4,899.99
16,1,16,1,1.46,,1599.00
15.6,128,4,1,1.46,4.2,399.99
14,1000,8,0,1.2,,589.99
15.6,1000,64,0,1.46,4.5,999.99
16,512,8,0,1.46,,978.99
15.6,2,32,0,1.46,5,1481.86
14,2,64,0,1.46,5,993.23
13.3,256,16,0,1.46,4.2,1499.00
14,1000,8,0,1.2,,589.99
15.6,1000,64,0,1.46,4.5,999.99
12.5,500,8,0,1.46,,248.98
16,2,32,1,,,
15,512,8,0,3.3,,1469.44
14,1000,8,0,1.2,,589.99
15.6,1000,64,0,1.46,4.5,999.99
15.6,1000,32,1,1.46,4.2,1986.99
15.6,1,16,1,1.46,4.4,1349.49
14,256,8,1,1.46,,726.07
15.6,512,16,1,1.46,,1099.99
14,1,8,1,520,,4.6587.99
14,1000,8,0,1.2,,589.99
15.6,1000,64,0,1.46,4.5,999.99
14,320,2,0,2.4,3,99.99
14,,4,1,1.46,4.3,207.99
15.6,512,16,1,1.46,,1910.11
15.6,,8,0,1.46,5,479.99
11.6,64,4,0,1.46,4.5,316.39
11.6,32,4,0,1.46,4.2,168.00
15.6,1152,20,0,1.1,5,389.99
15.6,1000,16,0,1.1,4.4,459.99
15.6,1000,20,0,1.46,,639.99
14,512,16,1,1.46,5,1209.00
17,1,32,1,,,
14,256,16,1,1.46,,798.00
13.4,1,16,0,1.46,,1355.84
15.6,256,8,1,1.46,3,499.99
16,1000,32,0,1.46,,899.99
14,1000,8,0,1.2,,589.99
15.6,1000,64,0,1.46,4.5,999.99
14,512,16,0,1.46,,1195.00
15,512,16,0,1.46,4.1,1299.00
15.6,1,32,1,1.46,3.5,1962.99
14,320,4,0,2.5,5,124.00
12,512,16,0,1.46,,1773.99
14,1000,8,0,1.2,,589.99
15.6,1000,64,0,1.46,4.5,999.99
17.3,512,64,0,4.8,,3376.64
17,1,32,1,1.46,4.1,4999.00
14,1,16,0,1.46,5,839.99
16,512,16,0,1.46,4.5,1499.00
11.6,32,4,0,1.46,4.4,334.99
15.6,1152,20,0,1.1,5,389.99
15.6,1000,16,0,1.1,4.4,459.99
15.6,1000,20,0,1.46,,639.99
16,512,16,1,1.46,,1400.00
16,512,16,1,1.46,,1599.99
15.6,512,16,1,1.46,,864.14
17,2,64,1,4,5,3399.99
16,1000,32,0,1.46,,899.99
14,1000,8,0,1.2,,589.99
15.6,1000,64,0,1.46,4.5,999.99
11.6,,8,1,1.46,,282.67
11.6,32,4,0,1.46,4.2,253.46
14,256,16,1,1.46,,965.99
15.6,1000,16,1,1.46,,1163.99
14,1000,8,0,1.2,,589.99
15.6,1000,64,0,1.46,4.5,999.99
14,256,16,1,1.46,,1152.45
14,256,4,0,1.46,4.2,468.00
17.3,1000,16,1,1.46,4.3,1699.00
14,1000,8,0,1.2,,589.99
15.6,1000,64,0,1.46,4.5,999.99
15.6,1,32,1,1.46,1,1349.99
14.1,64,4,0,1.46,3.1,239.99
15.6,1,16,0,1050,,1
14,1000,8,0,1.2,,589.99
15.6,1000,64,0,1.46,4.5,999.99
14,,16,0,1.46,,792.95
17.3,1000,16,0,1.46,1,474.98
11.6,64,4,0,1.46,4,269.99
14,512,8,1,,,2.9599.99
15.6,,32,1,1.46,,1129.99
14,1000,8,0,1.2,,589.99
15.6,1000,64,0,1.46,4.5,999.99
14,256,16,1,1.46,,1359.99
16,1,32,1,,,
17.3,1,32,1,1.46,5,4499.00
15.6,256,4,0,2.4,3.7,360.00
18,2000,64,0,1.46,,3416.35
15.6,,32,1,3.5,5,1159.99
13,256,8,0,1.46,3,749.99
14,64,4,0,1.1,4.6,229.99
15.6,1152,20,0,1.1,5,389.99
15.6,1000,16,0,1.1,4.4,459.99
15.6,1000,20,0,1.46,,639.99
14,1000,8,0,1.2,,589.99
15.6,1000,64,0,1.46,4.5,999.99
11.6,32,4,0,1,4.8,176.24
15.6,256,8,0,1.46,4.5,400.00
10.1,256,8,0,1.46,,863.99
14,2,16,0,1.46,,1199.00
14,1000,8,0,1.2,,589.99
15.6,1000,64,0,1.46,4.5,999.99
15.6,1000,64,1,1.46,,2465.99
15.6,2,64,0,1.46,4.1,971.04
14,512,32,1,,,996.99
15.6,2,64,1,,,4.8
14,1000,8,0,1.2,,589.99
15.6,1000,64,0,1.46,4.5,999.99
11.6,32,4,0,1.46,4.2,194.97
13.3,512,16,1,1.46,,1718.99
14,512,16,1,-,,
14,512,16,0,1.46,,1482.04
17.3,2000,16,1,1.46,5,1881.99
11.6,128,4,0,1.46,3.5,462.00
15.6,,32,1,1.46,5,1699.99
15.6,1,12,1,1.46,,3.4959.99
15.6,1152,20,0,1.1,5,389.99
15.6,1000,16,0,1.1,4.4,459.99
15.6,1000,20,0,1.46,,639.99
13.3,512,16,0,1.8,5,1273.99
17,4,64,1,1.46,,3
14,4,48,1,,,
16,1000,32,0,1.46,,899.99
14,1000,8,0,1.2,,589.99
15.6,1000,64,0,1.46,4.5,999.99
15.6,2,32,1,4.2,,620.00
15.6,1000,16,0,1.46,,1009.00
14,1000,8,0,1.2,,589.99
15.6,1000,64,0,1.46,4.5,999.99
13,1000,16,0,1.46,,1561.99
14,1000,12,0,1.46,,2086.99
15.6,500,16,0,1.46,,268.98
14,128,4,1,605,1.1,4.3310.19
15.6,1152,20,0,1.1,5,389.99
15.6,1000,16,0,1.1,4.4,459.99
15.6,1000,20,0,1.46,,639.99
16,512,16,1,3.2,,1344.99
17,1,16,1,1.46,4,1119.99
14,512,16,1,1.46,,1638.95
13,512,16,0,3,1,1657.99
14,512,16,1,,,
14,256,8,1,1.46,1.7,836.16
13.3,256,8,0,1.46,3,724.00
14,256,16,0,1.46,5,749.99
16,1000,32,0,1.46,,899.99
14,1000,8,0,1.2,,589.99
15.6,1000,64,0,1.46,4.5,999.99
15.6,512,32,0,1.46,,953.82
14,512,8,1,1.46,,4899.00
15.6,512,8,1,1.46,5,979.00
15.6,,4,1,1.1,4.5,312.99
14,1000,8,0,1.2,,589.99
15.6,1000,64,0,1.46,4.5,999.99
14,,4,0,1.46,,333.99
15.6,256,8,0,1.46,4.5,378.00
13.3,64,4,1,,,5
13.3,512,16,0,1.46,3.4,1273.99
14,1000,32,0,1.46,5,1227.99
14,32,4,1,500,,4.2199.00
15.6,1152,20,0,1.1,5,389.99
15.6,1000,16,0,1.1,4.4,459.99
15.6,1000,20,0,1.46,,639.99
15.6,256,8,0,2.4,,619.71
14,256,16,0,1.46,5,139.98
15.6,512,16,1,16504,,3.5
14,1000,8,0,1.2,,589.99
15.6,1000,64,0,1.46,4.5,999.99
15.6,512,,1,1.46,5,930.00
15.6,1,32,1,1.46,4.5,4119.00
14,1000,8,0,1.2,,589.99
15.6,1000,64,0,1.46,4.5,999.99
13.4,512,16,0,1.46,,1273.99
15.6,512,16,1,1.46,,1723.77
14,256,8,0,2.4,,653.99
14,1000,8,0,1.2,,589.99
15.6,1000,64,0,1.46,4.5,999.99
16,512,32,1,500,,1
17.3,512,64,1,1.46,,3915.99
14,1000,8,0,1.2,,589.99
15.6,1000,64,0,1.46,4.5,999.99
13.1,250,4,0,1.46,2.7,299.95
15.6,,4,0,1.5,3.6,93.99
15.6,512,16,1,1.46,4.3,1699.00
14,1000,8,0,1.2,,589.99
15.6,1000,64,0,1.46,4.5,999.99
16,1000,16,0,1.46,5,854.86
14,512,16,0,1.46,,941.05
13.5,512,8,0,1.46,4.4,865.00
14,512,32,1,1.46,,2192.13
15.6,1152,20,0,1.1,5,389.99
15.6,1000,16,0,1.1,4.4,459.99
15.6,1000,20,0,1.46,,639.99
14,256,8,0,2.4,,490.77
13.5,512,16,1,,,2
16,2,32,1,1.46,,1704.99
14,128,4,0,1.46,4.4,446.98
14,256,8,1,1.46,,784.97
15.6,512,64,0,1.46,,2699.00
16,1000,32,0,1.46,,899.99
14,1000,8,0,1.2,,589.99
15.6,1000,64,0,1.46,4.5,999.99
11.6,,4,0,1.46,4,69.82
13.3,128,8,0,1.46,3.6,1099.95
14,256,16,1,1.46,,729.99
13.3,256,16,1,1.46,3.9,1499.00
16,512,32,0,1.46,,1662.92
14,1000,8,0,1.2,,589.99
15.6,1000,64,0,1.46,4.5,999.99
11.6,128,4,0,1.46,3.7,286.00
15.6,256,16,1,1.46,,1526.31
13.4,512,16,0,1.46,,909.99
15,256,8,0,1.46,4.2,799.00
15.6,1152,20,0,1.1,5,389.99
15.6,1000,16,0,1.1,4.4,459.99
15.6,1000,20,0,1.46,,639.99
15.6,1,16,1,,,
16,1000,40,0,1.46,5,1498.00
14.1,64,4,0,1.46,4.3,189.95
15.6,128,4,1,,,3.3
,512,24,1,1.46,,1899.00
16,1000,32,0,1.46,,899.99
14,1000,8,0,1.2,,589.99
15.6,1000,64,0,1.46,4.5,999.99
15.6,512,16,0,1,,681.61
15.6,512,32,1,1.46,4,1699.95
14,512,16,0,2.8,,802.91
16.2,1,32,0,3.5,,3043.95
17.3,2000,64,1,1.46,5,3208.03
15.6,256,8,1,2.6,,760.99
11.6,32,2,0,1.1,4.2,199.99
15.6,1000,32,0,1.46,5,849.99
15.6,1152,20,0,1.1,5,389.99
15.6,1000,16,0,1.1,4.4,459.99
15.6,1000,20,0,1.46,,639.99
15.6,1,20,0,1.46,4.2,419.00
14,512,8,1,,,4.3799.99
16,1000,32,0,1.46,,899.99
14,1000,8,0,1.2,,589.99
15.6,1000,64,0,1.46,4.5,999.99
11.6,,16,0,1.46,,1299.95
14,,8,0,1.46,3.7,656.25
11.6,32,4,0,1.46,4.4,219.00
14,512,16,0,1.46,3.3,700.43
15.6,2,32,0,1,,298.70
15.6,500,8,0,2.3,3.3,799.81
15.6,1152,20,0,1.1,5,389.99
15.6,1000,16,0,1.1,4.4,459.99
15.6,1000,20,0,1.46,,639.99
11.6,32,4,0,1.1,4,169.00
15.6,1,32,0,1.46,4.3,949.00
14,256,16,1,1.46,,1875.98
16,512,16,1,1.46,,2352.59
13.3,512,8,0,1.46,1,749.00
16,1000,32,0,1.46,,899.99
14,1000,8,0,1.2,,589.99
15.6,1000,64,0,1.46,4.5,999.99
15.6,512,16,1,1.46,,1566.99
13.4,2000,32,0,1.46,,1820.99
14,512,16,1,1.46,,1077.24
16,512,16,1,1.46,,1851.99
15.6,1152,20,0,1.1,5,389.99
15.6,1000,16,0,1.1,4.4,459.99
15.6,1000,20,0,1.46,,639.99
11.6,64,4,0,1.46,4.9,249.49
15.6,2000,32,1,1.46,,2409.99
11.6,64,4,0,1.46,4.3,229.00
16,1000,32,0,1.46,,899.99
14,1000,8,0,1.2,,589.99
15.6,1000,64,0,1.46,4.5,999.99
14,512,16,1,1.46,,2472.99
15,,32,1,1.46,,1999.95
16,4,16,1,,,
14,1000,8,0,1.2,,589.99
15.6,1000,64,0,1.46,4.5,999.99
16,4,64,1,,,
15.6,2,32,1,1.46,,2129.99
15.6,512,16,1,5,,1514.09
14,1000,8,0,1.2,,589.99
15.6,1000,64,0,1.46,4.5,999.99
15.6,256,8,0,1.46,4,999.99
17,1,16,1,1.46,,3.82
14,1000,8,0,1.2,,589.99
15.6,1000,64,0,1.46,4.5,999.99
14,512,16,1,1.46,,2426.99
13.5,512,16,0,1.46,,1499.99
15.6,2,16,0,1.46,5,1436.81
13.3,,12,0,1.46,3.9,795.00
14,128,4,0,1.46,3.7,328.58
15.6,256,8,0,1.46,4.2,1443.60
15.6,1152,20,0,1.1,5,389.99
15.6,1000,16,0,1.1,4.4,459.99
15.6,1000,20,0,1.46,,639.99
11.6,32,1,0,1.46,4.2,295.40
13.3,256,8,0,1.46,5,729.00
12.5,256,8,0,1.46,,209.98
14,512,32,0,1.46,,1652.99
15.6,256,8,1,1.46,,1920.57
14,256,16,0,1.46,5,544.00
16,1000,32,0,1.46,,899.99
14,1000,8,0,1.2,,589.99
15.6,1000,64,0,1.46,4.5,999.99
13.3,,16,0,2.4,,2099.00
16,512,16,1,,,
16,256,16,1,1.46,,1007.00
14,512,32,0,1.46,,1644.31
15.6,1152,20,0,1.1,5,389.99
15.6,1000,16,0,1.1,4.4,459.99
15.6,1000,20,0,1.46,,639.99
14,2,16,1,,680,5
12.5,512,16,0,2.4,4,307.98
14,512,8,1,,,2
15.6,500,8,1,1.46,3.7,529.95
16,1000,32,0,1.46,,899.99
14,1000,8,0,1.2,,589.99
15.6,1000,64,0,1.46,4.5,999.99
16,1000,16,0,1.46,,854.86
17,512,8,0,1.46,,1469.99
15.6,512,16,1,,,2
17.3,4,64,1,,,
14,1000,8,0,1.2,,589.99
15.6,1000,64,0,1.46,4.5,999.99
14,256,16,1,1.46,,1652.68
15.6,512,12,0,1.46,3.8,479.00
15.6,1,32,1,,,
14,512,16,0,1.7,,599.99
14,1000,8,0,1.2,,589.99
15.6,1000,64,0,1.46,4.5,999.99
14,512,8,0,1.46,3.3,749.89
14,512,12,0,1.46,3.8,1049.00
14,1000,8,0,1.2,,589.99
15.6,1000,64,0,1.46,4.5,999.99
15.6,1000,16,0,1.46,,342.98
11.6,16,2,0,1.46,3.7,85.00
14,512,16,0,1.46,5,339.00
15.6,320,4,0,2.4,4.3,249.95
15.6,1152,20,0,1.1,5,389.99
15.6,1000,16,0,1.1,4.4,459.99
15.6,1000,20,0,1.46,,639.99
14,512,16,1,1.46,,1770.16
14,2,64,0,1.46,5,993.23
14,256,4,0,1.7,5,252.98
14,256,32,1,1.46,,999.66
13,256,16,1,1.46,5,1504.08
16,1000,32,0,1.46,,899.99
14,1000,8,0,1.2,,589.99
15.6,1000,64,0,1.46,4.5,999.99
14,,8,0,1.46,4.7,540.00
15.6,256,8,0,1.1,,436.11
15.6,128,12,0,2,4.5,458.14
16,1,16,1,1.46,2.8,1849.00
14,1000,8,0,1.2,,589.99
15.6,1000,64,0,1.46,4.5,999.99
14,256,16,1,,,1
13.3,512,16,1,1.46,,1730.95
15.6,128,4,0,1.46,5,288.00
14,1000,8,0,1.2,,589.99
15.6,1000,64,0,1.46,4.5,999.99
15.6,256,32,0,1,,714.34
14,2,64,1,1.46,,1
16,512,16,1,1.46,,1960.77
14,1000,8,0,1.2,,589.99
15.6,1000,64,0,1.46,4.5,999.99
11.6,16,16,0,1.46,4.4,159.95
17,2000,64,1,3.7,,2199.99
14,2,64,0,1.46,4.7,1419.92
17.3,1,32,1,1.46,3.8,3599.00
14,1000,8,0,1.2,,589.99
15.6,1000,64,0,1.46,4.5,999.99
13.3,1,16,1,1.46,,3.81
15.6,512,16,1,1.46,5,1734.21
15.6,512,16,0,1.46,5,873.93
14.1,160,,1,2.53,3.8,89.99
16,512,32,1,1.46,,1385.98
15.6,1152,20,0,1.1,5,389.99
15.6,1000,16,0,1.1,4.4,459.99
15.6,1000,20,0,1.46,,639.99
17,2,16,0,1.46,4.4,1515.03
14,64,8,1,1.46,,417.99
16,512,24,1,1.46,,1
15.6,,16,1,1.46,4.1,425.99
14,512,16,1,1.46,,1796.25
13.4,1,16,0,1.46,4.7,1101.49
16,1000,32,0,1.46,,899.99
14,1000,8,0,1.2,,589.99
15.6,1000,64,0,1.46,4.5,999.99
11.6,,4,1,2.8,,401.99
14,256,16,0,2.6,,1699.00
11.6,,4,1,1.1,2.3,287.99
14,,16,1,1.46,,2108.40
14,128,4,1,1.46,4.5,361.65
14,256,16,1,,,1
15.6,1152,20,0,1.1,5,389.99
15.6,1000,16,0,1.1,4.4,459.99
15.6,1000,20,0,1.46,,639.99
15.6,512,16,0,1.46,,879.00
13.3,512,,0,1.8,,1399.81
14,512,16,1,1.46,,1963.30
11.6,32,4,1,1.46,3.7,289.00
14,1,16,1,1.46,4.5,1699.99
17.3,1,64,1,1.46,,3.82
15,256,16,1,,,
13.3,256,8,0,2.6,5,545.00
16,1000,32,0,1.46,,899.99
14,1000,8,0,1.2,,589.99
15.6,1000,64,0,1.46,4.5,999.99
11.6,64,8,1,1.46,2.9,485.99
17.3,512,16,1,2.6,5,1998.77
14,256,8,1,1.46,,5844.65
14,2000,32,0,1.46,,2668.91
14,256,8,1,1.46,,569.77
15.6,512,16,1,1.46,,1599.77
14,1000,8,0,1.2,,589.99
15.6,1000,64,0,1.46,4.5,999.99
13.3,256,8,1,1.46,,905.27
14,,4,0,1.1,4.5,169.00
15.6,,8,1,1.46,5,799.00
15.6,2000,64,1,1.46,,3245.46
15.6,500,8,0,1.46,,266.98
15.6,1152,20,0,1.1,5,389.99
15.6,1000,16,0,1.1,4.4,459.99
15.6,1000,20,0,1.46,,639.99
15.6,,32,1,1.46,,1244.95
16,1000,32,1,1.46,,1269.99
,,16,1,1.46,,1171.31
16,1000,32,0,1.46,,899.99
14,1000,8,0,1.2,,589.99
15.6,1000,64,0,1.46,4.5,999.99
14,256,16,0,1.7,5,1557.79
11.6,512,8,0,1.46,3.9,899.95
15.66,,32,1,1.8,5,1599.00
15.6,,32,1,1.8,1,1699.00
14,1000,8,0,1.2,,589.99
14,,8,0,1.46,4.7,540.00
15.6,256,8,0,1.1,,436.11
15.6,128,12,0,2,4.5,458.14
16,1,16,1,1.46,2.8,1849.00
15.6,256,8,0,1.46,4.2,699.99
15.6,1152,20,0,1.1,5,389.99
14,64,16,0,1.1,4.7,389.99
15.6,1000,16,0,1.1,4.4,459.99
17,4,64,1,1.46,,53
13.3,256,8,0,1.46,,807.99
15.6,500,,1,2.6,3.4,369.95
16,1,32,1,1.46,1,2399.99
15.6,1000,64,0,1.46,4.5,999.99
15.6,1000,20,0,1.46,,639.99
16,1000,32,0,1.46,,899.99
15.66,,32,1,1.8,5,1599.00
15.6,,32,1,1.8,1,1699.00
15.66,,32,1,1.8,5,1599.00
15.6,,32,1,1.8,1,1699.00
14,1000,8,0,1.2,,589.99
15.6,256,32,0,1,,714.34
14,2,64,1,1.46,,1
15.66,,32,1,1.8,5,1599.00
15.6,,32,1,1.8,1,1699.00
14,1000,8,0,1.2,,589.99
11.6,16,16,0,1.46,4.4,159.95
17,2000,64,1,3.7,,2199.99
14,2,64,0,1.46,4.7,1419.92
17.3,1,32,1,1.46,3.8,3599.00
15.6,512,16,0,1.46,4,809.00
15.6,1152,20,0,1.1,5,389.99
14,64,16,0,1.1,4.7,389.99
15.6,1000,16,0,1.1,4.4,459.99
14,64,4,0,1.46,4.3,228.00
15.66,,32,1,1.8,5,1599.00
15.6,,32,1,1.8,1,1699.00
14,1000,8,0,1.2,,589.99
13.3,1,16,1,1.46,,3.81
15.6,512,16,1,1.46,5,1734.21
15.6,512,16,0,1.46,5,873.93
14.1,160,,1,2.53,3.8,89.99
15.6,1152,20,0,1.1,5,389.99
14,64,16,0,1.1,4.7,389.99
15.6,1000,16,0,1.1,4.4,459.99
16,512,32,1,1.46,,1385.98
17,2,16,0,1.46,4.4,1515.03
14,64,8,1,1.46,,417.99
15.66,,32,1,1.8,5,1599.00
15.6,,32,1,1.8,1,1699.00
14,1000,8,0,1.2,,589.99
13.4,1,16,0,1.46,4.7,1101.34
11.6,,4,1,2.8,,401.99
14,256,16,0,2.6,,1699.00
11.6,,4,1,1.1,2.3,287.99
14,,16,1,1.46,,2108.40
14,128,4,1,1.46,4.5,361.65
14,256,16,1,,,1
15.6,1152,20,0,1.1,5,389.99
14,64,16,0,1.1,4.7,389.99
15.6,1000,16,0,1.1,4.4,459.99
15.6,512,16,0,1.46,,879.00
13.3,512,,0,1.8,,1399.81
14,512,16,1,1.46,,1963.30
11.6,32,4,1,1.46,3.7,289.00
14,1,16,1,1.46,4.5,1699.99
17.3,1,64,1,1.46,,3.82
15,256,16,1,,,
15.6,1000,64,0,1.46,4.5,999.99
15.6,1000,20,0,1.46,,639.99
16,1000,32,0,1.46,,899.99
15.66,,32,1,1.8,5,1599.00
15.6,,32,1,1.8,1,1699.00
14,1000,8,0,1.2,,589.99
13.3,256,8,0,2.6,5,545.00
11.6,64,8,1,1.46,2.9,485.99
17.3,512,16,1,2.6,5,1998.77
14,256,8,1,1.46,,5844.65
14,2000,32,0,1.46,,2668.91
14,256,8,1,1.46,,569.77
15.6,512,16,1,1.46,,1599.77
15.6,1152,20,0,1.1,5,389.99
14,64,16,0,1.1,4.7,389.99
15.6,1000,16,0,1.1,4.4,459.99
15.66,,32,1,1.8,5,1599.00
15.6,,32,1,1.8,1,1699.00
14,1000,8,0,1.2,,589.99
13.3,256,8,0,1.46,,1129.99
13.3,256,8,1,1.46,,905.27
14,,4,0,1.1,4.5,169.00
15.6,,8,1,1.46,5,799.00
15.6,2000,64,1,1.46,,3245.46
15.6,500,8,0,1.46,,266.98
15.6,1152,20,0,1.1,5,389.99
14,64,16,0,1.1,4.7,389.99
15.6,1000,16,0,1.1,4.4,459.99
15.6,,32,1,1.46,,1244.95
16,1000,32,1,1.46,,1269.99
,,16,1,1.46,,1171.31
15.6,1000,64,0,1.46,4.5,999.99
15.6,1000,20,0,1.46,,639.99
16,1000,32,0,1.46,,899.99
15.66,,32,1,1.8,5,1599.00
15.6,,32,1,1.8,1,1699.00
14,1000,8,0,1.2,,589.99
15.66,,32,1,1.8,5,1599.00
15.6,,32,1,1.8,1,1699.00
14,1000,8,0,1.2,,589.99
14,256,8,0,1.46,,696.99
14,1,32,0,1.46,4.5,880.62
15.6,1000,20,0,1.46,,639.99
15.6,500,,0,2.6,3.6,289.95
15.6,1152,20,0,1.1,5,389.99
14,64,16,0,1.1,4.7,389.99
15.6,1000,16,0,1.1,4.4,459.99
17.3,1,32,1,5,3.7,5599.00
14,256,8,0,2.1,3.5,616.99
14,128,4,0,1.46,5,432.99
13.4,1000,32,0,1.46,,1150.99
15.6,,4,1,,4,4.3
14,512,16,0,1.46,3.6,1025.01
13,256,8,0,1.46,,655.99
15.6,1,32,1,,,
15.6,1000,64,0,1.46,4.5,999.99
15.6,1000,20,0,1.46,,639.99
16,1000,32,0,1.46,,899.99
15.66,,32,1,1.8,5,1599.00
15.6,,32,1,1.8,1,1699.00
14,1000,8,0,1.2,,589.99
14,512,16,0,1.2,5,879.84
14,512,16,1,1.46,5,791.79
15.6,2,64,1,,,
15.66,,32,1,1.8,5,1599.00
15.6,,32,1,1.8,1,1699.00
14,1000,8,0,1.2,,589.99
14,512,16,0,1.46,3.5,1470.77
15.6,256,8,1,1.46,,1531.28
15.6,1152,20,0,1.1,5,389.99
14,64,16,0,1.1,4.7,389.99
15.6,1000,16,0,1.1,4.4,459.99
14,32,4,0,1.46,3.8,275.00
17.3,2,32,1,4.8,,1666.47
17,2,16,0,1.46,4.7,1850.52
14,512,16,1,1.46,,1626.18
18,1000,32,0,1.46,,3098.97
17,512,64,1,4.8,5,3498.77
15.6,1000,64,0,1.46,4.5,999.99
15.6,1000,20,0,1.46,,639.99
16,1000,32,0,1.46,,899.99
15.66,,32,1,1.8,5,1599.00
15.6,,32,1,1.8,1,1699.00
14,1000,8,0,1.2,,589.99
15.6,512,16,0,1.7,5,890.77
15.6,1,32,0,1.46,,835.57
17.3,2000,64,0,1.46,3.4,3273.54
14,512,16,0,1.46,,1099.99
15.6,,4,1,2,,129.00
14,512,16,0,1.46,2.8,1379.99
14,512,16,0,1.46,3.9,999.00
16,512,32,0,1.46,,2199.99
15.6,1152,20,0,1.1,5,389.99
14,64,16,0,1.1,4.7,389.99
15.6,1000,16,0,1.1,4.4,459.99
14,256,16,1,1.46,,743.92
15.66,,32,1,1.8,5,1599.00
15.66,,32,1,1.8,5,1599.00
15.6,,32,1,1.8,1,1699.00
14,1000,8,0,1.2,,589.99
15.6,256,8,1,1.46,,739.41
14,1000,16,0,1.46,,1264.99
15.66,,32,1,1.8,5,1599.00
15.6,,32,1,1.8,1,1699.00
14,1000,8,0,1.2,,589.99
13.3,128,8,0,1.46,3.8,999.00
15.6,,64,1,1.46,,1319.99
14,256,8,1,1.46,,1188.25
13.4,2,16,1,1.46,,1
14,512,16,0,1.46,,1399.99
15.6,1152,20,0,1.1,5,389.99
14,64,16,0,1.1,4.7,389.99
15.6,1000,16,0,1.1,4.4,459.99
14,512,16,1,1.46,,1817.07
14,512,16,0,1.46,4,1699.00
15.6,1000,64,0,1.46,4.5,999.99
15.6,1000,20,0,1.46,,639.99
16,1000,32,0,1.46,,899.99
15.66,,32,1,1.8,5,1599.00
15.6,,32,1,1.8,1,1699.00
14,1000,8,0,1.2,,589.99
15.6,1,4,1,1.46,2.9,324.86
15.6,512,16,1,1.46,,1659.96
13.3,256,16,1,1.46,,1376.99
15.6,512,16,1,1.46,,1147.99
15.66,,32,1,1.8,5,1599.00
15.6,,32,1,1.8,1,1699.00
14,1000,8,0,1.2,,589.99
16,256,16,0,1.46,4.1,999.00
15.66,,32,1,1.8,5,1599.00
15.6,,32,1,1.8,1,1699.00
14,1000,8,0,1.2,,589.99
15.66,,32,1,1.8,5,1599.00
15.6,,32,1,1.8,1,1699.00
14,1000,8,0,1.2,,589.99
14,256,16,0,1.46,2,1899.00
14,512,32,1,1.46,,2070.75
,,4,1,2.4,,376.21
15.66,,32,1,1.8,5,1599.00
15.6,,32,1,1.8,1,1699.00
14,1000,8,0,1.2,,589.99
11.6,500,4,1,1.46,3.6,298.95
15.6,,8,0,1.46,,1858.99
17.3,512,16,1,1.46,,51
15.6,128,8,1,1.46,,4.3419.99
15.6,1152,20,0,1.1,5,389.99
14,64,16,0,1.1,4.7,389.99
15.6,1000,16,0,1.1,4.4,459.99
16,512,16,1,1.46,,2152.78
17.3,512,32,1,1.46,,1245.49
13.3,256,8,0,1.46,5,740.98
15.66,,32,1,1.8,5,1599.00
15.6,,32,1,1.8,1,1699.00
14,1000,8,0,1.2,,589.99
15.66,,32,1,1.8,5,1599.00
15.6,,32,1,1.8,1,1699.00
14,1000,8,0,1.2,,589.99
15.6,2,,1,3050,,1
15.6,1000,4,0,1.46,3.9,449.99
15.6,128,8,1,2.7,4,399.99
15.6,1152,20,0,1.1,5,389.99
14,64,16,0,1.1,4.7,389.99
15.6,1000,16,0,1.1,4.4,459.99
15.6,,32,1,1.46,,1049.99
15.6,2,64,0,1.46,4.1,971.04
17,1000,32,1,1.46,2.6,1589.00
15.6,512,8,1,1.46,,1002.26
15.6,1000,64,0,1.46,4.5,999.99
15.6,1000,20,0,1.46,,639.99
16,1000,32,0,1.46,,899.99
15.66,,32,1,1.8,5,1599.00
15.6,,32,1,1.8,1,1699.00
14,1000,8,0,1.2,,589.99
15.6,512,16,0,1.46,,310.98
16,2000,64,0,1.46,,4277.34
14,128,4,0,2,4.5,135.49
13.3,512,16,0,1.46,,1099.99
14,256,8,0,1.46,3.9,1518.88
15.6,512,16,0,1.46,4.6,849.49
11,8,8,0,1.46,,379.99
15.6,1152,20,0,1.1,5,389.99
14,64,16,0,1.1,4.7,389.99
15.6,1000,16,0,1.1,4.4,459.99
17,1,64,1,126,,4
13.3,256,8,1,,,
15.6,1,16,1,1.46,4.4,1598.00
13.3,512,16,0,1.46,4.2,1239.77
16,512,16,1,4.7,4.8,1249.00
18,1000,64,0,1.46,,2951.99
15.6,1000,64,0,1.46,4.5,999.99
15.6,1000,20,0,1.46,,639.99
16,1000,32,0,1.46,,899.99
15.66,,32,1,1.8,5,1599.00
15.6,,32,1,1.8,1,1699.00
14,1000,8,0,1.2,,589.99
14,,16,1,1.46,4.5,2499.00
17.3,512,32,1,2.2,5,1594.95
14,,,0,1.46,4.5,245.01
15.6,1152,20,0,1.1,5,389.99
14,64,16,0,1.1,4.7,389.99
15.6,1000,16,0,1.1,4.4,459.99
14,2000,16,0,1.46,5,1659.67
15.6,128,4,0,1.46,4.3,429.99
17.3,256,16,1,1.46,4.6,2299.00
14,,5,1,1.46,5,1149.00
15.6,1000,64,0,1.46,4.5,999.99
15.6,1000,20,0,1.46,,639.99
16,1000,32,0,1.46,,899.99
15.66,,32,1,1.8,5,1599.00
15.6,,32,1,1.8,1,1699.00
14,1000,8,0,1.2,,589.99
15.6,512,16,0,1.46,4.6,1299.00
18,1000,32,0,1.46,,2629.98
15.6,256,16,0,2.7,,2399.00
15.6,1,32,1,1.46,,2000.98
15.66,,32,1,1.8,5,1599.00
15.6,,32,1,1.8,1,1699.00
14,1000,8,0,1.2,,589.99
15.6,256,8,1,1.46,4.6,519.00
15.6,,8,0,1.46,,1999.00
14,256,8,0,1.46,3.7,600.49
13.4,1000,32,0,1.46,,1895.92
15.6,1152,20,0,1.1,5,389.99
14,64,16,0,1.1,4.7,389.99
15.66,,32,1,1.8,5,1599.00
15.6,,32,1,1.8,1,1699.00
14,1000,8,0,1.2,,589.99
14,1,16,0,1.46,,737.99
15.6,1,8,0,2.7,3.4,222.88
14,256,16,1,1.46,,1237.10
15.6,1152,20,0,1.1,5,389.99
14,64,16,0,1.1,4.7,389.99
15.6,1000,16,0,1.1,4.4,459.99
15.6,,16,1,1.46,3.3,1288.88
15.6,1000,16,1,1.46,,1271.26
15.6,512,16,0,1.46,,1673.48
15.6,1000,64,0,1.46,4.5,999.99
15.6,1000,20,0,1.46,,639.99
16,1000,32,0,1.46,,899.99
15.66,,32,1,1.8,5,1599.00
15.6,,32,1,1.8,1,1699.00
14,1000,8,0,1.2,,589.99
15.66,,32,1,1.8,5,1599.00
15.6,,32,1,1.8,1,1699.00
14,1000,8,0,1.2,,589.99
15.6,512,8,1,1.46,5,848.88
15.6,1,32,1,1.46,4.2,2591.48
14,256,8,1,1.46,,4.4739.99
,,16,0,1.46,,838.70
14,256,16,0,1.46,,1432.80
15.6,1152,20,0,1.1,5,389.99
14,64,16,0,1.1,4.7,389.99
15.6,1000,16,0,1.1,4.4,459.99
15.6,512,16,0,2.6,,2999.00
12.3,256,16,0,1.46,,999.00
14,256,16,1,1.46,,778.00
14,500,4,0,1.7,,180.00
14,512,16,1,1.46,,1467.99
15.6,256,8,1,1.46,,784.09
15.6,1000,64,0,1.46,4.5,999.99
15.6,1000,20,0,1.46,,639.99
16,1000,32,0,1.46,,899.99
15.66,,32,1,1.8,5,1599.00
15.6,,32,1,1.8,1,1699.00
14,1000,8,0,1.2,,589.99
14,2,64,0,1.8,,1616.96
17,1,32,1,1.46,,1999.95
14,8,8,0,3.3,,730.11
17.3,2,32,1,,,
15.6,1152,20,0,1.1,5,389.99
14,64,16,0,1.1,4.7,389.99
15.6,1000,16,0,1.1,4.4,459.99
13.3,256,16,1,1.46,,1419.99
14,256,8,1,1.46,,5699.00
14,512,32,1,1.46,,1668.53
,,4,1,1.46,,572.84
15.6,512,32,1,1.46,,859.00
15.6,1000,64,0,1.46,4.5,999.99
15.6,1000,20,0,1.46,,639.99
16,1000,32,0,1.46,,899.99
15.66,,32,1,1.8,5,1599.00
15.6,,32,1,1.8,1,1699.00
14,1000,8,0,1.2,,589.99
15.6,256,16,1,1.46,,1100.72
13.3,,16,0,1.46,,1154.33
14,256,16,0,1.46,,692.99
18,1000,16,1,1.46,,2298.34
15.66,,32,1,1.8,5,1599.00
15.6,,32,1,1.8,1,1699.00
14,1000,8,0,1.2,,589.99
14,500,,0,1.46,4.4,379.00
16,512,16,1,1.46,,1161.11
15.6,1,16,1,,,
15.6,1152,20,0,1.1,5,389.99
14,64,16,0,1.1,4.7,389.99
15.6,1000,16,0,1.1,4.4,459.99
13.3,256,8,0,1.46,3.8,1143.73
14,256,8,1,1.46,,781.99
15.6,1,16,1,1.46,,3.41
16,512,16,1,,,
14,256,8,0,5500,,3699.00
17.3,,8,1,1.46,4,1599.00
15.6,1000,64,0,1.46,4.5,999.99
15.6,1000,20,0,1.46,,639.99
16,1000,32,0,1.46,,899.99
15.66,,32,1,1.8,5,1599.00
15.6,,32,1,1.8,1,1699.00
14,1000,8,0,1.2,,589.99
14,256,,0,1.7,,1195.94
14,1000,16,0,1.46,,1096.99
14,,16,0,1.2,5,179.55
11.6,,4,0,1.46,3.7,216.49
14,512,16,1,1.46,,2242.99
15.6,1152,20,0,1.1,5,389.99
14,64,16,0,1.1,4.7,389.99
15.6,1000,16,0,1.1,4.4,459.99
15.6,1,32,1,1.46,,51
14,256,16,0,1.46,,1026.13
,32,4,0,1.46,,221.41
17,512,32,1,1.46,4.5,2799.00
15.6,1000,64,0,1.46,4.5,999.99
15.6,1000,20,0,1.46,,639.99
16,1000,32,0,1.46,,899.99
15.66,,32,1,1.8,5,1599.00
15.6,,32,1,1.8,1,1699.00
14,1000,8,0,1.2,,589.99
13,256,16,0,1.46,,750.74
13.3,512,8,0,1.46,4,798.94
13.3,,8,0,3.8,3.3,799.81
15.6,512,32,1,1.46,3.9,1769.77
14,512,8,0,1.46,2.1,699.80
15.6,256,8,1,1.46,5,727.53
13.3,,16,0,5,4.4,2399.00
13.5,,8,0,1.6,4.5,199.99
15.6,1152,20,0,1.1,5,389.99
14,64,16,0,1.1,4.7,389.99
15.6,1000,16,0,1.1,4.4,459.99
15.6,1,32,0,400,1.8,1
14,256,16,0,1.8,,1734.85
13.3,256,16,0,1.46,,972.45
15.6,1,16,1,1.46,,3.91
14,512,16,1,1.46,,1455.66
14,256,16,0,1.46,1,1065.99
14,256,8,0,1.46,5,895.30
15.6,1000,64,0,1.46,4.5,999.99
15.6,1000,20,0,1.46,,639.99
16,1000,32,0,1.46,,899.99
15.66,,32,1,1.8,5,1599.00
15.6,,32,1,1.8,1,1699.00
14,1000,8,0,1.2,,589.99
14,512,8,0,1.46,4,449.00
15.6,1,32,1,2.3,,3599.00
15.6,1152,20,0,1.1,5,389.99
14,64,16,0,1.1,4.7,389.99
15.6,1000,16,0,1.1,4.4,459.99
14,128,4,1,1.4,,244.00
14,256,8,0,1.46,3.1,284.97
15.6,1,32,1,,,
15.6,1000,64,0,1.46,4.5,999.99
15.6,1000,20,0,1.46,,639.99
16,1000,32,0,1.46,,899.99
15.66,,32,1,1.8,5,1599.00
15.6,,32,1,1.8,1,1699.00
14,1000,8,0,1.2,,589.99
14,320,4,0,1.46,4.4,109.00
15.6,256,8,1,1.46,,4.7545.00
15.6,1,16,1,1.46,3.7,933.45
15.6,1152,20,0,1.1,5,389.99
14,64,16,0,1.1,4.7,389.99
15.6,1000,16,0,1.1,4.4,459.99
14,2,64,1,,,
13.5,1,16,1,1.46,,4.92
17.3,2000,64,1,1.46,,3119.23
10.1,32,2,0,1.46,3.5,218.86
14,256,16,1,1.46,,811.39
15.6,1000,64,0,1.46,4.5,999.99
15.6,1000,20,0,1.46,,639.99
16,1000,32,0,1.46,,899.99
15.66,,32,1,1.8,5,1599.00
15.6,,32,1,1.8,1,1699.00
14,1000,8,0,1.2,,589.99
11.6,32,4,0,1.46,4.5,229.00
17.3,,16,0,4.5,3.7,1499.95
13.3,1000,16,0,1.46,4,897.52
13.3,1000,16,0,1.46,,911.02
15.6,1152,20,0,1.1,5,389.99
14,64,16,0,1.1,4.7,389.99
15.6,1000,16,0,1.1,4.4,459.99
15,512,16,0,1.1,4,2799.00
15.6,256,8,0,1.46,4.7,559.41
15.6,512,16,0,1.46,,3.91
15.6,512,16,1,4.6,3.3,1899.00
14,512,16,0,1.46,,931.99
15.6,1,32,1,1.46,,3.71
12.45,,4,0,3.6,4.2,269.99
15.6,1000,64,0,1.46,4.5,999.99
15.6,1000,20,0,1.46,,639.99
16,1000,32,0,1.46,,899.99
15.66,,32,1,1.8,5,1599.00
15.6,,32,1,1.8,1,1699.00
15.66,,32,1,1.8,5,1599.00
15.6,,32,1,1.8,1,1699.00
14,1000,8,0,1.2,,589.99
14,512,8,0,1.46,5,589.99
15.6,512,16,1,2.6,3.5,1239.81
15,1000,64,1,1.46,,1999.00
15.6,1,32,0,1.46,,740.60
17,2,32,0,1.46,4.6,5499.00
16,512,16,1,,1050,
14,512,16,0,1.46,,931.99
15.6,1152,20,0,1.1,5,389.99
14,64,16,0,1.1,4.7,389.99
15.66,,32,1,1.8,5,1599.00
15.6,,32,1,1.8,1,1699.00
14,1000,8,0,1.2,,589.99
14,256,8,0,1.46,3.9,188.00
17,512,16,1,1.46,3.1,1299.00
14,512,16,0,1.46,2.9,1279.99
14,320,8,0,1.46,3.9,138.00
15.6,1152,20,0,1.1,5,389.99
14,64,16,0,1.1,4.7,389.99
15.6,1000,16,0,1.1,4.4,459.99
14,512,32,1,1.46,,2110.35
15.6,256,8,1,1.46,3.4,599.95
15.6,1000,6,0,2.7,4.1,528.18
14,256,16,0,1.46,5,779.62
15.6,,32,1,1.7,,1899.00
16,1000,32,1,1.46,,1269.99
15.6,1000,64,0,1.46,4.5,999.99
15.6,1000,20,0,1.46,,639.99
16,1000,32,0,1.46,,899.99
15.66,,32,1,1.8,5,1599.00
15.6,,32,1,1.8,1,1699.00
14,1000,8,0,1.2,,589.99
12.5,128,8,0,1.46,,212.98
13.3,,16,0,1.46,,1389.77
14,128,8,0,1.46,5,719.00
,512,24,1,1.46,5,1899.00
15.6,1152,20,0,1.1,5,389.99
14,64,16,0,1.1,4.7,389.99
15.6,1000,16,0,1.1,4.4,459.99
14,256,16,1,1.46,5,1869.00
14,512,32,1,1.46,,1749.95
17,1000,32,1,1.46,,2498.99
15.6,512,32,0,1.8,5,2799.00
15.6,1,4,1,4.5,3.4,1999.00
14,256,16,0,1.46,,1450.77
13.3,,16,0,2.4,1,1482.13
15.6,1000,64,0,1.46,4.5,999.99
15.6,1000,20,0,1.46,,639.99
16,1000,32,0,1.46,,899.99
15.66,,32,1,1.8,5,1599.00
15.6,,32,1,1.8,1,1699.00
14,1000,8,0,1.2,,589.99
14,1,16,0,1.46,3.8,1334.95
15.6,1000,32,1,1.46,,1789.81
15.66,,32,1,1.8,5,1599.00
15.6,,32,1,1.8,1,1699.00
14,1000,8,0,1.2,,589.99
17.3,512,16,0,1.46,,1877.99
13.3,512,16,0,1.46,5,994.79
,,16,1,1.46,,1089.99
13.4,512,16,0,1.46,,1807.78
14,2,32,0,1.46,,2207.14
15.6,512,32,0,1.46,,792.78
14,512,16,0,1.46,4.6,285.98
15.6,1152,20,0,1.1,5,389.99
14,64,16,0,1.1,4.7,389.99
15.6,1000,16,0,1.1,4.4,459.99
13.3,512,8,0,3.9,4.2,815.00
14,256,16,1,1.46,,971.99
14,2,32,1,,,1
13.3,256,16,1,1.46,,1601.99
15.6,128,4,0,1.46,4.4,247.49
14,1,32,1,,,
15.6,256,16,0,1.46,,878.37
14,512,32,0,5,,997.74
15.6,1000,64,0,1.46,4.5,999.99
15.6,1000,20,0,1.46,,639.99
16,1000,32,0,1.46,,899.99
15.66,,32,1,1.8,5,1599.00
15.6,,32,1,1.8,1,1699.00
14,1000,8,0,1.2,,589.99
15.6,256,4,1,1.46,4.1,1999.00
15.6,1000,64,1,1.46,,2425.99
17,512,32,0,1.46,,2930.46
15.6,512,16,1,1.46,1,1159.00
15.6,256,16,0,1.46,5,1597.77
15.6,1152,20,0,1.1,5,389.99
14,64,16,0,1.1,4.7,389.99
15.6,1000,16,0,1.1,4.4,459.99
13.3,256,16,0,2.6,,1149.00
17.3,512,32,1,1.46,,1699.99
14,64,4,0,1.46,4.4,199.99
13.3,512,16,0,3,1,1930.77
15.6,1000,64,0,1.46,4.5,999.99
15.6,1000,20,0,1.46,,639.99
16,1000,32,0,1.46,,899.99
15.66,,32,1,1.8,5,1599.00
15.6,,32,1,1.8,1,1699.00
14,1000,8,0,1.2,,589.99
15.6,512,8,1,1.46,,4.3902.98
14,512,16,1,1.8,,2599.00
15.6,1152,20,0,1.1,5,389.99
14,64,16,0,1.1,4.7,389.99
15.6,1000,16,0,1.1,4.4,459.99
17.3,2000,64,1,1.46,2,3274.46
15.6,512,64,1,1.46,2.8,1599.00
13.3,256,8,0,1.46,,694.19
15.6,256,8,1,1.46,5,1090.57
14,512,16,0,1.46,,1899.00
13,512,16,0,1.46,5,1031.79
14.1,160,,0,1.46,5,109.00
15.6,,16,0,520,,3.3719.99
15.6,1000,64,0,1.46,4.5,999.99
15.6,1000,20,0,1.46,,639.99
16,1000,32,0,1.46,,899.99
15.66,,32,1,1.8,5,1599.00
15.6,,32,1,1.8,1,1699.00
14,1000,8,0,1.2,,589.99
14,128,8,0,1.9,4,529.95
14,512,16,0,1.8,4,1472.99
15.6,2000,64,0,1.46,,1030.18
13.3,256,8,0,1.46,,951.99
14,2,64,1,,,
15.66,,32,1,1.8,5,1599.00
15.6,,32,1,1.8,1,1699.00
14,1000,8,0,1.2,,589.99
15.6,,16,1,4.6,5,1289.89
11.6,256,8,1,1.46,,993.99
14,512,16,1,1.46,,1455.77
16,512,32,1,1.46,,1438.99
15.6,512,16,1,1.46,3.4,1113.87
13.4,512,8,0,1.46,,1069.81
14,512,16,0,3.4,2.9,1199.95
15.6,128,8,1,1.46,3.9,599.99
14,256,16,1,1.46,,1149.18
15.6,1152,20,0,1.1,5,389.99
14,64,16,0,1.1,4.7,389.99
15.6,1000,16,0,1.1,4.4,459.99
13.3,2,16,0,1.8,,881.74
17,4,64,1,,,
14,256,8,0,1.46,,765.75
15.6,1000,64,0,1.46,4.5,999.99
15.6,1000,20,0,1.46,,639.99
16,1000,32,0,1.46,,899.99
15.66,,32,1,1.8,5,1599.00
15.6,,32,1,1.8,1,1699.00
14,1000,8,0,1.2,,589.99
15.6,512,8,1,,,
17.3,1000,32,1,1.46,,2402.99
13.3,128,4,0,2.1,3.9,203.00
14,128,8,0,2.4,3.4,111.05
15.6,1,16,1,1.46,,1399.00
11.6,16,2,0,1.46,4.2,149.95
15.6,1152,20,0,1.1,5,389.99
14,64,16,0,1.1,4.7,389.99
15.6,1000,16,0,1.1,4.4,459.99
15.6,512,16,1,1.46,,1942.83
16,512,16,1,,,
15.6,,32,1,3.4,3.8,2399.00
15.6,1,16,0,1,,620.64
13.3,512,16,0,1.46,,934.67
14,512,16,0,1.46,,1099.00
14,512,32,0,1.46,5,1590.99
15.6,1000,64,0,1.46,4.5,999.99
15.6,1000,20,0,1.46,,639.99
16,1000,32,0,1.46,,899.99
15.66,,32,1,1.8,5,1599.00
15.6,,32,1,1.8,1,1699.00
14,1000,8,0,1.2,,589.99
14,512,32,0,1.46,,2427.19
14,256,16,0,1.46,,822.06
15.6,1152,20,0,1.1,5,389.99
14,64,16,0,1.1,4.7,389.99
15.6,1000,16,0,1.1,4.4,459.99
13.3,,8,0,1.46,,1299.00
14,64,4,0,1.46,3.5,325.00
17.3,8,64,1,,,
13.3,320,,0,1.46,3.5,299.88
15.6,512,16,1,,,4.4
15.6,1000,64,0,1.46,4.5,999.99
15.6,1000,20,0,1.46,,639.99
16,1000,32,0,1.46,,899.99
15.66,,32,1,1.8,5,1599.00
15.6,,32,1,1.8,1,1699.00
15.66,,32,1,1.8,5,1599.00
15.6,,32,1,1.8,1,1699.00
14,1000,8,0,1.2,,589.99
15.6,1000,64,1,1.46,2.6,1729.95
17,512,16,1,1.46,4,1396.99
14,512,32,0,1.46,,885.12
15.6,512,16,0,1.46,3.9,2399.00
16,2,32,1,1.46,,3619.99
14,512,16,0,1.46,,2399.99
15.6,1152,20,0,1.1,5,389.99
14,64,16,0,1.1,4.7,389.99
15.6,1000,16,0,1.1,4.4,459.99
15.6,1000,64,0,1.46,,3351.99
15.6,256,8,0,1.46,3,599.00
13.3,512,8,0,1.46,4.4,1399.00
14,256,16,1,,2.3,5519.99
15.6,,8,0,1.46,,791.12
14,,16,1,1.46,,51
15.66,,32,1,1.8,5,1599.00
15.6,,32,1,1.8,1,1699.00
14,1000,8,0,1.2,,589.99
14,,16,1,1.46,,51
15.6,1,64,1,1.46,,1846.99
15.6,2,64,1,1.46,4.2,2699.00
15.6,512,16,1,1.46,,1550.25
13.1,500,4,0,5500,,5399.99
16.1,2,64,1,1.46,,2029.99
15.6,1152,20,0,1.1,5,389.99
14,64,16,0,1.1,4.7,389.99
15.6,1000,16,0,1.1,4.4,459.99
11.6,32,4,0,1.46,4.3,298.00
14,512,16,0,1.46,,1577.98
15.6,,16,0,1.46,4.4,2499.00
15.6,256,,0,1.46,3.9,119.95
15.6,256,16,1,2.6,,1199.95
15.6,1000,64,0,1.46,4.5,999.99
15.6,1000,20,0,1.46,,639.99
16,1000,32,0,1.46,,899.99
15.66,,32,1,1.8,5,1599.00
15.6,,32,1,1.8,1,1699.00
14,1000,8,0,1.2,,589.99
15.6,512,8,1,1.46,,4.6772.20
15.6,256,8,0,4.2,5,849.99
11.6,128,4,0,2.8,,305.39
14,512,32,1,,,
16,1,,1,5,5,1779.49
12,512,8,0,1.46,4,779.95
15.6,1152,20,0,1.1,5,389.99
14,64,16,0,1.1,4.7,389.99
15.6,1000,16,0,1.1,4.4,459.99
17.3,4000,64,1,1.46,,2756.99
14,256,8,0,1.46,4.6,419.00
15.6,1,64,0,1.46,,3999.00
15.6,1000,64,0,1.46,4.5,999.99
15.6,1000,20,0,1.46,,639.99
16,1000,32,0,1.46,,899.99
15.66,,32,1,1.8,5,1599.00
15.6,,32,1,1.8,1,1699.00
14,1000,8,0,1.2,,589.99
15.6,256,8,1,1.46,4.4,449.00
14,512,16,1,1.46,,2466.99
15.6,512,16,1,1.46,3.8,1329.95
15.6,1000,32,0,1.46,,1550.64
15.6,1152,20,0,1.1,5,389.99
14,64,16,0,1.1,4.7,389.99
15.6,1000,16,0,1.1,4.4,459.99
14,256,8,0,1.46,5,295.97
11.6,128,8,0,1.46,,229.98
14,1000,32,0,1.46,5,1507.16
17,4000,64,1,1.46,5,2470.99
15.6,1000,64,0,1.46,4.5,999.99
15.6,1000,20,0,1.46,,639.99
16,1000,32,0,1.46,,899.99
15.66,,32,1,1.8,5,1599.00
15.6,,32,1,1.8,1,1699.00
14,1000,8,0,1.2,,589.99
15.6,,16,0,1.46,,2499.00
15.6,1152,20,0,1.1,5,389.99
14,64,16,0,1.1,4.7,389.99
15.6,1000,16,0,1.1,4.4,459.99
14,,16,0,2.6,5,1599.00
15.6,1,16,1,1.46,4.1,2199.00
13,512,16,0,1.46,,1047.29
15.6,1000,16,1,2.6,,949.95
15.6,1000,64,0,1.46,4.5,999.99
15.6,1000,20,0,1.46,,639.99
16,1000,32,0,1.46,,899.99
15.66,,32,1,1.8,5,1599.00
15.6,,32,1,1.8,1,1699.00
14,1000,8,0,1.2,,589.99
15.66,,32,1,1.8,5,1599.00
15.6,,32,1,1.8,1,1699.00
14,1000,8,0,1.2,,589.99
14,1000,32,1,1.46,,2293.99
14,,32,0,1.46,3.8,359.92
17.3,512,16,1,1.46,5,1799.00
13,512,16,0,1.46,,1295.53
17.3,1,32,0,1.46,3.6,1778.99
15.6,1152,20,0,1.1,5,389.99
14,64,16,0,1.1,4.7,389.99
15.6,1000,16,0,1.1,4.4,459.99
14,,4,0,1.1,,173.92
16,,7,1,,,913.99
15.66,,32,1,1.8,5,1599.00
15.6,,32,1,1.8,1,1699.00
14,1000,8,0,1.2,,589.99
13.3,500,,1,1.46,3.5,289.95
15.6,512,8,1,,,
14,512,16,1,1.46,,1680.46
15.66,,32,1,1.8,5,1599.00
15.6,,32,1,1.8,1,1699.00
14,1000,8,0,1.2,,589.99
16,1000,16,0,1.46,,1689.00
15.6,1,64,0,1.46,4,1085.99
13.3,128,8,0,1.46,3.5,289.95
14,512,32,0,1.46,2.3,1295.03
14,128,4,0,1.46,4.1,319.99
14,,12,1,1.46,3.6,4.3899.00
15.6,1152,20,0,1.1,5,389.99
14,64,16,0,1.1,4.7,389.99
15.6,1000,16,0,1.1,4.4,459.99
15.6,4,4,1,1.46,2,3271.99
15.6,256,8,1,1.46,4.5,1099.81
17.3,1,32,1,1.46,,3449.00
14,128,16,0,1.7,,1099.95
15.6,512,16,1,1.46,,1349.00
15.6,1000,64,0,1.46,4.5,999.99
15.6,1000,20,0,1.46,,639.99
16,1000,32,0,1.46,,899.99
15.66,,32,1,1.8,5,1599.00
15.6,,32,1,1.8,1,1699.00
14,1000,8,0,1.2,,589.99
16,2000,32,0,1.46,,1091.99
16,1000,16,1,1.46,1,1166.97
15.6,1,32,1,1.46,4.1,1429.99
15.6,256,8,1,1.46,4.1,499.00
14,256,8,0,1.46,4,699.99
13.4,512,16,0,1.3,4.1,1899.00
15.6,1152,20,0,1.1,5,389.99
14,64,16,0,1.1,4.7,389.99
15.6,1000,16,0,1.1,4.4,459.99
14,256,16,1,1.46,5,999.99
14,,8,0,2.4,5,138.99
15.6,256,8,0,1.46,4.4,439.00
11.6,,4,1,1.8,4.2,244.97
15.6,256,16,1,1.46,,1094.13
13.3,,8,1,1.46,3.8,536.89
15.6,1000,64,0,1.46,4.5,999.99
15.6,1000,20,0,1.46,,639.99
16,1000,32,0,1.46,,899.99
15.66,,32,1,1.8,5,1599.00
15.6,,32,1,1.8,1,1699.00
14,1000,8,0,1.2,,589.99
15.6,256,16,1,1.46,,1653.74
17.3,1000,32,1,1.46,,1688.99
11.6,64,4,0,1.46,5,246.39
13.3,512,16,0,1.46,4,769.99
,,8,1,1.46,5,
15.6,1152,20,0,1.1,5,389.99
14,64,16,0,1.1,4.7,389.99
15.6,1000,16,0,1.1,4.4,459.99
14,256,16,1,1.46,,671.84
14,512,16,0,2.6,1,610.68
15.6,512,16,1,5,4.4,2299.00
14,1,64,0,1.46,4,947.06
14,128,4,0,1.46,4.6,248.00
11.6,512,8,0,1.46,,249.98
15.6,1,32,1,1050,,3.51
14,256,16,0,1.46,,989.99
15.6,1000,64,0,1.46,4.5,999.99
15.6,1000,20,0,1.46,,639.99
16,1000,32,0,1.46,,899.99
15.66,,32,1,1.8,5,1599.00
15.6,,32,1,1.8,1,1699.00
14,1000,8,0,1.2,,589.99
14,512,16,1,1.46,,4.5689.99
15.6,512,16,1,1.46,,4.31
14,2,16,0,1.46,,1930.95
15.6,512,16,1,1.46,,1332.99
15.6,1152,20,0,1.1,5,389.99
14,64,16,0,1.1,4.7,389.99
15.6,1000,16,0,1.1,4.4,459.99
14,512,16,0,2.6,3.6,311.60
13.3,256,16,0,1.46,,750.74
15.6,512,32,1,1.46,,2389.99
15.6,1000,64,0,1.46,4.5,999.99
15.6,1000,20,0,1.46,,639.99
16,1000,32,0,1.46,,899.99
15.66,,32,1,1.8,5,1599.00
15.6,,32,1,1.8,1,1699.00
14,1000,8,0,1.2,,589.99
15.6,500,4,1,1.46,,3.7248.88
15.6,512,16,1,1.46,3.1,1699.95
15.6,512,8,1,1.46,3.8,989.00
13,500,16,0,2.3,5,595.97
17.3,256,16,1,1.46,,1799.95
14,256,8,0,1.46,,254.98
15.6,1152,20,0,1.1,5,389.99
14,64,16,0,1.1,4.7,389.99
15.6,1000,16,0,1.1,4.4,459.99
15.6,512,32,0,1.46,,1603.27
17,1000,64,1,1.46,,2560.59
13,256,8,0,1.46,,750.74
15.6,1000,64,0,1.46,4.5,999.99
15.6,1000,20,0,1.46,,639.99
16,1000,32,0,1.46,,899.99
15.66,,32,1,1.8,5,1599.00
15.6,,32,1,1.8,1,1699.00
14,1000,8,0,1.2,,589.99
14,512,16,0,1.46,,1646.99
15.6,1000,16,1,1.46,5,1488.13
14,256,16,0,1.46,3.4,1549.00
16,1,32,0,1.46,4,2592.06
13,128,8,0,1.46,4.6,750.74
15.6,1152,20,0,1.1,5,389.99
14,64,16,0,1.1,4.7,389.99
15.6,1000,16,0,1.1,4.4,459.99
15.6,512,16,1,,,4.1999.99
14,512,16,0,1.46,,801.99
13.3,,16,0,1.46,,1129.99
15.6,500,4,0,1.46,4.1,259.00
15.66,,32,1,1.8,5,1599.00
15.6,,32,1,1.8,1,1699.00
14,1000,8,0,1.2,,589.99
14,256,16,0,1.46,,276.98
14,256,16,0,2.4,,836.99
15.6,256,16,0,2.6,,269.98
14,128,8,0,2.6,5,315.00
15.6,1000,32,0,1.46,,1641.99
15.66,,32,1,1.8,5,1599.00
15.6,,32,1,1.8,1,1699.00
14,1000,8,0,1.2,,589.99
16,2000,,0,3.5,,1359.21
12.5,256,8,0,1.46,3.1,469.99
15.6,512,8,0,1.46,4.4,1199.00
13.3,1000,16,0,1.46,,890.99
13.3,128,8,0,1.46,4.5,689.95
15.6,1152,20,0,1.1,5,389.99
14,64,16,0,1.1,4.7,389.99
15.6,1000,16,0,1.1,4.4,459.99
15.6,512,16,1,1.46,,2604.98
15.6,1,16,1,4.5,4.4,2799.00
17,256,8,0,1.46,4.9,589.00
15.6,512,16,1,1.46,,1094.99
15.6,1,32,1,1.46,,2193.98
14,128,8,0,1.46,5,535.88
15.6,1000,64,0,1.46,4.5,999.99
15.6,1000,20,0,1.46,,639.99
16,1000,32,0,1.46,,899.99
15.66,,32,1,1.8,5,1599.00
15.6,,32,1,1.8,1,1699.00
14,1000,8,0,1.2,,589.99
15.6,512,20,0,1.46,4.3,585.69
14,512,32,1,1.46,,2220.88
15.6,1,16,0,1,,656.85
15.6,1152,20,0,1.1,5,389.99
14,64,16,0,1.1,4.7,389.99
15.6,1000,16,0,1.1,4.4,459.99
18,1000,64,0,1.46,,2919.58
14,512,16,0,1.46,,861.48
16,512,16,0,1.46,,1183.99
15.6,1000,64,0,1.46,4.5,999.99
15.6,1000,20,0,1.46,,639.99
16,1000,32,0,1.46,,899.99
15.66,,32,1,1.8,5,1599.00
15.6,,32,1,1.8,1,1699.00
14,1000,8,0,1.2,,589.99
15.6,512,16,1,,,392.17
11.6,32,4,0,9120,,199.99
17,1,32,1,1.46,,2905.39
11.6,,4,0,1.46,5,407.88
11.6,128,4,1,1.46,,525.83
13.3,512,1,1,1.46,,3.51
15.6,1152,20,0,1.1,5,389.99
14,64,16,0,1.1,4.7,389.99
15.6,1000,16,0,1.1,4.4,459.99
15.6,256,8,0,1.46,3.3,660.00
14,1,32,0,3.2,4.5,2611.35
13.3,128,8,0,1.46,3.7,1179.81
15.6,1000,64,1,1.46,5,1788.99
17.3,2000,32,1,1.46,,2923.99
14,1,16,1,1.46,4.5,999.00
15,512,16,0,1.46,5,1715.99
17.3,1000,16,1,1.46,4.2,2299.00
15.6,1000,64,0,1.46,4.5,999.99
15.6,1000,20,0,1.46,,639.99
16,1000,32,0,1.46,,899.99
15.66,,32,1,1.8,5,1599.00
15.6,,32,1,1.8,1,1699.00
14,1000,8,0,1.2,,589.99
14,512,16,0,1.46,,1457.00
14.1,160,4,0,1.46,4.1,149.95
16,1000,32,0,1.46,,1887.62
15.6,1256,16,0,1060,2.2,3.71
14,128,8,0,1.46,,286.43
14,256,16,1,1.46,,849.00
14,512,16,0,1.46,,808.55
14,512,16,1,1.46,,799.99
15.6,1152,20,0,1.1,5,389.99
14,64,16,0,1.1,4.7,389.99
15.6,1000,16,0,1.1,4.4,459.99
14,256,16,0,2.7,3.6,1899.00
14,512,32,1,1.46,,1225.48
14,256,8,0,1.46,3.6,1299.00
15.6,,32,1,2.3,4.4,3299.00
14,256,8,0,1.6,4.4,586.14
15.6,1000,64,0,1.46,4.5,999.99
15.6,1000,20,0,1.46,,639.99
16,1000,32,0,1.46,,899.99
15.66,,32,1,1.8,5,1599.00
15.6,,32,1,1.8,1,1699.00
14,1000,8,0,1.2,,589.99
14,,8,1,2.6,,299.00
13,256,16,1,1.46,,738.79
15.6,256,8,0,1.46,,749.99
17.3,1000,32,1,1.46,5,1689.18
15.6,1152,20,0,1.1,5,389.99
14,64,16,0,1.1,4.7,389.99
15.6,1000,16,0,1.1,4.4,459.99
14,256,8,1,1.46,,799.00
17.3,2000,32,1,1.46,5,2992.63
17.3,1512,32,1,1.46,4,3495.00
16,1,32,1,3070,,1
17.3,2,16,1,1.46,3.5,2999.00
14,,8,0,1.46,2.6,889.99
15.6,1,32,1,1.46,3.7,1399.95
15.6,1000,64,0,1.46,4.5,999.99
15.6,1000,20,0,1.46,,639.99
16,1000,32,0,1.46,,899.99
15.66,,32,1,1.8,5,1599.00
15.6,,32,1,1.8,1,1699.00
14,1000,8,0,1.2,,589.99
17.3,1000,32,1,1.46,,2738.99
17.3,2,64,1,,,
14,,8,0,1.7,1,499.00
15.6,1,8,1,2.2,3.8,587.55
,1.92,,1,1.46,,594.93
13.3,256,8,0,1.46,,656.52
13.3,1000,32,0,1.46,,1685.69
15.6,1152,20,0,1.1,5,389.99
14,64,16,0,1.1,4.7,389.99
15.6,1000,16,0,1.1,4.4,459.99
14,320,4,0,1.46,3.9,119.00
15.6,2,32,1,1.46,4.2,1037.99
15.6,1000,64,0,1.46,4.5,999.99
15.6,1000,20,0,1.46,,639.99
16,1000,32,0,1.46,,899.99
15.66,,32,1,1.8,5,1599.00
15.6,,32,1,1.8,1,1699.00
14,1000,8,0,1.2,,589.99
16,1000,24,0,1.46,,1245.99
15,512,32,1,1.46,4.1,1199.99
15.6,256,8,0,1.46,,409.00
15.6,512,16,1,1.46,,2130.16
14,512,16,1,1.46,,1615.85
15.6,512,16,1,1.46,4.4,1229.99
15.6,1152,20,0,1.1,5,389.99
14,64,16,0,1.1,4.7,389.99
15.6,1000,16,0,1.1,4.4,459.99
14,512,16,0,1.9,,1274.77
15.6,512,16,1,1.46,,1637.99
16.1,4,64,1,,,
15.6,1000,64,0,1.46,4.5,999.99
15.6,1000,20,0,1.46,,639.99
16,1000,32,0,1.46,,899.99
15.66,,32,1,1.8,5,1599.00
15.6,,32,1,1.8,1,1699.00
14,1000,8,0,1.2,,589.99
14,512,16,1,1.46,,2069.66
17,2,64,1,1.46,,3061.62
14,256,8,0,1.46,2.7,133.55
15.6,512,16,1,4.5,3.6,1299.95
15.6,2000,64,0,1.46,,2149.99
13.3,500,4,0,1.46,3.3,198.98
13.3,512,16,0,1.46,1,999.99
15.6,1152,20,0,1.1,5,389.99
14,64,16,0,1.1,4.7,389.99
15.6,1000,16,0,1.1,4.4,459.99
14,1000,32,0,1.46,,1046.99
14,1,64,0,1.46,4.5,988.99
13.5,512,16,1,,,2
12,,8,0,2.6,4,899.99
13.3,256,8,0,1.7,,1049.00
15,512,16,0,3,,1046.99
15.6,1000,16,0,1.46,,1827.99
15.6,2000,32,1,1.46,,2772.99
15.6,1000,64,0,1.46,4.5,999.99
15.6,1000,20,0,1.46,,639.99
16,1000,32,0,1.46,,899.99
15.66,,32,1,1.8,5,1599.00
15.6,,32,1,1.8,1,1699.00
14,1000,8,0,1.2,,589.99
17,1.5,64,1,1.46,,3346.83
15.6,512,16,0,1.46,3.9,2699.00
15.6,2,32,1,1.46,3.7,2599.00
14,256,16,0,1.46,,988.99
15.6,1152,20,0,1.1,5,389.99
14,64,16,0,1.1,4.7,389.99
15.6,1000,16,0,1.1,4.4,459.99
12.5,128,4,0,1.46,3.6,899.99
17.3,512,64,1,1.46,,2051.37
15.6,256,16,0,1.46,,843.99
11.6,256,8,0,3.6,3,1012.84
15.6,512,16,1,1.46,,1657.99
15.6,512,16,0,1.46,,1102.99
15.6,2000,32,0,1.46,,2498.23
15.6,1000,64,0,1.46,4.5,999.99
15.6,1000,20,0,1.46,,639.99
16,1000,32,0,1.46,,899.99
15.66,,32,1,1.8,5,1599.00
15.6,,32,1,1.8,1,1699.00
14,1000,8,0,1.2,,589.99
15.6,256,16,0,2.4,,877.99
11.6,,4,1,,,195.97
15.6,512,16,1,1.46,4.5,1999.00
22,,8,1,1.46,,2320.03
17.3,1000,32,1,1.46,5,2931.99
15.6,1152,20,0,1.1,5,389.99
14,64,16,0,1.1,4.7,389.99
15.6,1000,16,0,1.1,4.4,459.99
15.66,,32,1,1.8,5,1599.00
15.6,,32,1,1.8,1,1699.00
14,1000,8,0,1.2,,589.99
15.6,1,64,1,1.46,,3999.00
14,1,24,1,,,3.7
14,1,16,0,1.46,4.1,1635.99
15.6,512,64,1,1.46,,1999.00
15.6,1152,20,0,1.1,5,389.99
14,64,16,0,1.1,4.7,389.99
15.6,1000,16,0,1.1,4.4,459.99
14,2000,32,1,1.46,,2076.40
17.3,2,16,1,1.46,4.5,1699.00
13.3,256,16,0,1.46,,731.97
14,256,8,1,1.46,,1059.00
14,512,16,0,1.46,,1354.99
13.3,512,16,0,1.46,,1540.99
15.6,1000,64,0,1.46,4.5,999.99
15.6,1000,20,0,1.46,,639.99
16,1000,32,0,1.46,,899.99
15.66,,32,1,1.8,5,1599.00
15.6,,32,1,1.8,1,1699.00
14,1000,8,0,1.2,,589.99
13,512,32,0,1.46,,2729.00
17.3,,32,0,1.46,,2273.00
15.6,1,16,0,1,,656.85
15.6,512,8,0,1.46,,1703.99
15.6,1,16,1,3050-,,4.72
15.6,1000,16,1,1.46,4.1,1799.95
13.3,1000,8,0,1.46,,756.99
16,,512,1,,,
14,256,8,1,,,3.3
15.6,1152,20,0,1.1,5,389.99
14,64,16,0,1.1,4.7,389.99
15.6,1000,16,0,1.1,4.4,459.99
13.3,256,8,1,1.46,,859.00
15.6,1,32,0,1,,678.08
14,512,16,1,,,5
15.6,512,16,0,1.46,,1347.47
15.6,1000,64,0,1.46,4.5,999.99
15.6,1000,20,0,1.46,,639.99
16,1000,32,0,1.46,,899.99
15.66,,32,1,1.8,5,1599.00
15.6,,32,1,1.8,1,1699.00
14,1000,8,0,1.2,,589.99
13.3,256,16,0,1.46,,730.99
14,1000,16,0,1.46,4,941.99
15.6,1,32,1,1.46,,2603.00
15.6,256,8,0,2.1,,976.99
15.6,1,32,1,1650,,31
13.4,2000,32,0,1.46,,1350.99
15.6,1000,24,0,1.7,,1094.99
15.6,1152,20,0,1.1,5,389.99
14,64,16,0,1.1,4.7,389.99
15.6,1000,16,0,1.1,4.4,459.99
15.6,512,16,1,1.46,1,1399.95
14,32,32,0,1.7,4.3,880.62
14,,512,1,,,5
14,1000,64,0,1.46,,1134.49
14,512,16,0,1.46,3.8,950.77
15.6,,16,1,1.46,4.2,3099.00
15.6,256,8,0,1.46,,628.99
15.6,1000,64,0,1.46,4.5,999.99
15.6,1000,20,0,1.46,,639.99
16,1000,32,0,1.46,,899.99
15.66,,32,1,1.8,5,1599.00
15.6,,32,1,1.8,1,1699.00
14,1000,8,0,1.2,,589.99
14,,1,0,1.46,,1194.77
14,1000,16,1,1.46,,2086.99
15.6,512,16,1,1.46,3.8,2699.00
15.6,512,16,1,1.46,5,1799.00
17.3,128,8,1,1.46,,4.7686.90
15.6,1,16,1,1.46,3.5,1999.99
16,1000,32,0,1.46,,925.99
15.6,,16,1,2.9,2,1799.81
15.6,1152,20,0,1.1,5,389.99
14,64,16,0,1.1,4.7,389.99
15.6,1000,16,0,1.1,4.4,459.99
15.6,1,8,0,1.46,4,725.00
17.3,1000,64,1,1.46,,3157.99
15.6,512,16,1,1.46,,1499.95
14,512,8,0,4.2,4.3,1099.00
17.3,1,64,1,5000,,5
15.6,1000,64,0,1.46,4.5,999.99
15.6,1000,20,0,1.46,,639.99
16,1000,32,0,1.46,,899.99
15.66,,32,1,1.8,5,1599.00
15.6,,32,1,1.8,1,1699.00
14,1000,8,0,1.2,,589.99
14,1,16,0,3.4,,979.99
15.6,512,8,0,2,3.9,599.00
13.3,256,8,0,1.46,,683.99
14,,16,0,1.8,3.5,695.77
16,512,16,0,1.46,,1799.00
15.6,1152,20,0,1.1,5,389.99
14,64,16,0,1.1,4.7,389.99
15.6,1000,16,0,1.1,4.4,459.99
17.3,1,16,1,1.46,4.4,2395.00
15.6,32,4,0,1.46,3.9,258.90
15.6,1,32,1,1.46,4,1038.28
15.6,1,32,1,1.46,4.1,2099.99
16,,1000,1,,,
15.6,1000,64,0,1.46,4.5,999.99
15.6,1000,20,0,1.46,,639.99
16,1000,32,0,1.46,,899.99
15.66,,32,1,1.8,5,1599.00
15.6,,32,1,1.8,1,1699.00
14,1000,8,0,1.2,,589.99
13.3,256,8,0,2.5,3.3,1399.99
15.6,1,32,1,2,3.6,1805.99
15.6,512,8,0,2.1,5,1012.99
15.6,512,16,0,1.46,,1068.99
13.3,,8,0,1.46,4,839.99
14,256,16,1,1.46,,1220.99
14,1000,32,0,1.46,,1773.99
15.6,1152,20,0,1.1,5,389.99
14,64,16,0,1.1,4.7,389.99
15.6,1000,16,0,1.1,4.4,459.99
15.6,2000,32,0,1.46,,1031.99
15.6,1,64,1,1.46,,3
16,,512,1,,,
15.6,256,8,1,1.46,,919.99
13.3,256,16,0,1.46,,692.99
15.6,,32,0,1.46,4.5,2699.00
13.3,,16,0,1.46,5,1275.81
15.6,1000,64,0,1.46,4.5,999.99
15.6,1000,20,0,1.46,,639.99
16,1000,32,0,1.46,,899.99
15.66,,32,1,1.8,5,1599.00
15.6,,32,1,1.8,1,1699.00
14,1000,8,0,1.2,,589.99
14,512,12,0,1.7,,469.99
13.3,,16,0,1.6,4.3,1341.77
15.6,256,16,0,1.46,,1690.99
14,512,16,0,1.46,,936.79
15.6,1,32,1,2.3,,2699.00
15.6,512,32,0,1.46,,1424.99
15.6,1152,20,0,1.1,5,389.99
14,64,16,0,1.1,4.7,389.99
15.6,1000,16,0,1.1,4.4,459.99
17.3,1000,32,0,1.46,,2220.99
14,256,16,0,1.46,,956.99
14,256,8,0,1.46,,699.99
14,,4,1,3.7,3.5,339.00
13.3,,8,1,1.46,3.2,963.72
15.6,1000,64,0,1.46,4.5,999.99
15.6,1000,20,0,1.46,,639.99
16,1000,32,0,1.46,,899.99
15.66,,32,1,1.8,5,1599.00
15.6,,32,1,1.8,1,1699.00
14,1000,8,0,1.2,,589.99
13.3,512,16,0,1.46,,1102.99
15.6,1,32,0,4.2,,677.99
15.6,256,8,0,1.46,,368.98
16.2,4,64,0,3.6,,4888.99
17.3,512,32,1,1.46,,1744.99
11.6,,4,1,1,,369.00
15.6,1,32,1,1.46,,2999.00
17,2,64,1,166,,3
15.6,1152,20,0,1.1,5,389.99
14,64,16,0,1.1,4.7,389.99
15.6,1000,16,0,1.1,4.4,459.99
15.6,1,6,0,1.46,3.3,399.00
15.6,512,16,1,1.46,,1296.00
13,512,16,0,4.8,,1999.00
13.3,512,16,0,1.46,5,1699.00
15.6,1,64,0,4.8,,1786.59
14,1000,32,1,1.46,,1929.95
18,1000,16,0,1.46,,2214.99
14,2,64,1,,,1
14,,16,0,1.46,,2425.99
15.6,1000,64,0,1.46,4.5,999.99
15.6,1000,20,0,1.46,,639.99
16,1000,32,0,1.46,,899.99
15.66,,32,1,1.8,5,1599.00
15.6,,32,1,1.8,1,1699.00
14,1000,8,0,1.2,,589.99
14,512,16,0,3,,1099.00
17,512,16,1,1.46,,2460.15
16,1,32,1,500,,2
15.6,512,8,0,1.46,5,1293.59
16,1000,16,1,1.46,,1799.00
11.6,,2,0,1.46,4.2,228.00
15.6,1152,20,0,1.1,5,389.99
14,64,16,0,1.1,4.7,389.99
15.6,1000,16,0,1.1,4.4,459.99
15.6,1,32,1,1.46,5,1799.95
15.6,1,64,0,1.46,5,2499.00
18,1000,32,0,1.46,,2340.99
13.3,256,16,0,1.1,,2499.00
13,256,16,0,1.46,,1030.99
15.6,,8,1,1.46,,1699.00
15.6,1000,64,0,1.46,4.5,999.99
15.6,1000,20,0,1.46,,639.99
16,1000,32,0,1.46,,899.99
15.66,,32,1,1.8,5,1599.00
15.6,,32,1,1.8,1,1699.00
14,1000,8,0,1.2,,589.99
17.3,256,16,0,1.46,,1657.21
15.6,,16,1,1.46,,928.68
14,1000,64,0,1.46,,3239.89
15.6,512,16,0,1.46,5,751.06
14,512,16,1,1.46,,3.51
17.3,1,32,1,5,,3298.00
15.6,1152,20,0,1.1,5,389.99
14,64,16,0,1.1,4.7,389.99
15.6,1000,16,0,1.1,4.4,459.99
14,256,8,1,1.46,,949.00
11.6,256,16,0,1.46,,1159.95
13.3,512,16,0,1.8,,1799.00
13.3,256,8,0,1.46,,658.99
14,,7,1,,,787.99
14,512,16,1,1000,,2
13.3,256,8,0,1.46,4.1,1399.00
17.3,1000,32,1,1.46,,1799.95
15.6,1000,64,0,1.46,4.5,999.99
15.6,1000,20,0,1.46,,639.99
16,1000,32,0,1.46,,899.99
15.66,,32,1,1.8,5,1599.00
15.6,,32,1,1.8,1,1699.00
14,1000,8,0,1.2,,589.99
,,16,1,1.46,,1790.16
15.6,1,64,0,1,,753.11
15.6,1,16,1,1.46,,1
15.6,256,8,0,1.46,,533.02
14,256,4,1,,,3.7
15.6,1152,20,0,1.1,5,389.99
14,64,16,0,1.1,4.7,389.99
15.6,1000,16,0,1.1,4.4,459.99
13.4,512,32,0,1.46,4,1799.00
16,256,16,1,1.46,,1764.96
16,2,16,1,,,5
15.6,,12,0,1.46,,470.04
13.3,512,8,0,1.46,,730.99
15.6,1000,64,0,1.46,4.5,999.99
15.6,1000,20,0,1.46,,639.99
16,1000,32,0,1.46,,899.99
15.66,,32,1,1.8,5,1599.00
15.6,,32,1,1.8,1,1699.00
14,1000,8,0,1.2,,589.99
13.3,512,8,0,1.46,,730.99
15.6,512,16,0,1.46,,412.98
13.3,256,8,0,2.6,,929.00
15.6,1,16,1,1.46,,1829.99
14,256,8,0,1.46,,672.99
14,512,16,0,1.1,,2799.00
15.6,1000,32,1,1.46,,4000.00
15.6,1152,20,0,1.1,5,389.99
14,64,16,0,1.1,4.7,389.99
15.6,1000,64,0,1.46,4.5,999.99
15.6,1,16,1,1.46,,3.42
12.5,1000,16,0,1.46,,322.98
17.3,1,32,1,2.6,5,3399.00
15.6,1,64,1,4000-86,,3
15.6,256,8,1,1.46,4,1399.00
13.3,256,16,0,1.46,,843.99
15.6,1000,16,0,1.1,4.4,459.99
16,1000,32,0,1.46,,899.99
15.6,1000,20,0,1.46,,639.99
15.66,,32,1,1.8,5,1599.00
15.6,,32,1,1.8,1,1699.00
14,1000,8,0,1.2,,589.99
15.6,256,8,0,1.46,4.2,877.99
15.6,1024,32,1,1.46,,3.71
17.3,1000,32,0,1.46,,1778.99
15.6,512,16,0,1.46,4,943.69
18,1000,64,1,1.46,,2925.65
14,500,4,0,1.46,3.3,377.91
17.3,1000,64,1,1.46,,3182.99
16,2,8,1,,,
17.3,2000,64,0,1.46,,3329.99
15.6,512,8,1,1.46,4,1999.00
15.6,1152,20,0,1.1,5,389.99
14,64,16,0,1.1,4.7,389.99
15.6,1000,16,0,1.1,4.4,459.99
15.6,1,16,0,1.46,3.5,649.99
15.6,640,20,0,2.3,3,389.99
14,,7,1,,,823.99
18,512,64,0,1.46,,2693.24
15.6,2000,64,0,1.46,,3034.99
17.3,1,32,1,1.46,4.7,2299.95
13,256,16,0,1.46,,1030.99
14,256,16,0,1.46,,1056.99
14,1000,16,0,1.46,,319.98
15.6,1000,64,0,1.46,4.5,999.99
15.6,1000,20,0,1.46,,639.99
16,1000,32,0,1.46,,899.99
15.66,,32,1,1.8,5,1599.00
15.6,,32,1,1.8,1,1699.00
14,1000,8,0,1.2,,589.99
16,1,16,1,,,
17.3,1,16,1,1.46,4,3399.00
14,256,8,0,1.46,5,1499.00
14,256,8,0,1.9,3.7,899.95
15.6,1,32,0,1,,975.00
15.6,1,16,0,1.46,,2199.00
15.6,1152,20,0,1.1,5,389.99
14,64,16,0,1.1,4.7,389.99
15.6,1000,16,0,1.1,4.4,459.99
15.6,256,16,0,1.46,,1162.99
,,16,0,1.46,,1462.07
14,256,32,0,1.46,2.5,2699.00
16,1000,16,1,1.46,,2720.99
15.6,1000,64,0,1.46,4.5,999.99
15.6,1000,20,0,1.46,,639.99
16,1000,32,0,1.46,,899.99
15.66,,32,1,1.8,5,1599.00
15.6,,32,1,1.8,1,1699.00
14,1000,8,0,1.2,,589.99
14,512,32,0,1.46,,1009.99
15.6,512,8,1,,,5
14,1000,64,0,1.46,,1470.99
15.6,256,16,0,1.46,4.5,508.99
16,1,16,1,1.46,,11
14,32,4,0,2.8,4,473.22
15.6,1152,20,0,1.1,5,389.99
14,64,16,0,1.1,4.7,389.99
15.6,1000,16,0,1.1,4.4,459.99
15.6,512,32,0,1.46,,1764.99
15.6,1,16,1,1.46,3.6,919.99
15.6,4,64,1,1.46,,2828.99
17.3,1,32,1,1.46,3.7,2000.07
15.6,1000,64,0,1.46,4.5,999.99
15.6,1000,20,0,1.46,,639.99
16,1000,32,0,1.46,,899.99
15.66,,32,1,1.8,5,1599.00
15.6,,32,1,1.8,1,1699.00
14,1000,8,0,1.2,,589.99
13.3,256,8,0,2.6,,680.00
15.6,1152,20,0,1.1,5,389.99
14,64,16,0,1.1,4.7,389.99
15.6,1000,16,0,1.1,4.4,459.99
15.6,512,16,1,1.46,5,2500.00
15.6,500,8,0,1.46,1,959.99
16,1,16,0,4.7,,1299.99
16,,32,1,1.46,4.6,3.71
13.3,256,8,0,1.46,,800.00
13.3,,8,0,2133,3.9,1087.37
15.6,1000,64,0,1.46,4.5,999.99
15.6,1000,20,0,1.46,,639.99
16,1000,32,0,1.46,,899.99
15.66,,32,1,1.8,5,1599.00
15.6,,32,1,1.8,1,1699.00
14,1000,8,0,1.2,,589.99
13,128,16,0,1.46,5,1568.39
15.6,,16,1,4.6,,1299.00
14,512,32,0,1.46,,1513.99
15.6,512,16,0,1.46,,975.99
16,1000,32,1,1.46,,1681.34
15.6,1152,20,0,1.1,5,389.99
14,64,16,0,1.1,4.7,389.99
15.6,1000,16,0,1.1,4.4,459.99
15.66,,32,1,1.8,5,1599.00
15.6,,32,1,1.8,1,1699.00
14,1000,8,0,1.2,,589.99
13.3,2000,32,0,1.46,,1074.99
15.6,512,16,1,1.46,3.9,3399.00
15.6,256,12,0,1.46,4.5,981.99
13.3,512,16,1,1.46,,1273.99
17.3,2000,32,1,1.46,,2359.99
13.3,1000,32,0,1.46,,966.99
15.6,512,16,0,1.46,4.5,749.95
15.6,1152,20,0,1.1,5,389.99
14,64,16,0,1.1,4.7,389.99
15.6,1000,16,0,1.1,4.4,459.99
15.6,1,32,0,1.46,,1499.00
15.6,2,64,1,1.46,,2376.99
17.3,2000,64,1,1.46,,3140.99
17.3,2,64,1,1.46,,2719.00
15.6,1,16,1,1.46,,1799.00
15.6,512,16,0,1.46,,2192.99
15.6,1000,64,0,1.46,4.5,999.99
15.6,1000,20,0,1.46,,639.99
16,1000,32,0,1.46,,899.99
15.66,,32,1,1.8,5,1599.00
15.6,,32,1,1.8,1,1699.00
14,1000,8,0,1.2,,589.99
15.6,,,1,,,334.99
15.6,1,32,1,1.46,4,1479.00
15.6,1,16,1,1.46,,2199.00
15.6,512,8,1,1.46,,1714.00
15.6,512,16,1,1.46,3.8,3499.99
15.6,1152,20,0,1.1,5,389.99
14,64,16,0,1.1,4.7,389.99
15.6,1000,16,0,1.1,4.4,459.99
13.3,64,4,0,1.46,4.5,209.99
13.3,512,16,1,3.8,3.7,1649.95
17,512,32,1,1.46,,2188.30
14,1,64,1,,,959.99
14,512,16,0,1.46,1,1195.00
14,256,16,0,1.8,,1725.99
15.6,1,32,1,2000,,3
15.6,1000,64,0,1.46,4.5,999.99
15.6,1000,20,0,1.46,,639.99
16,1000,32,0,1.46,,899.99
15.66,,32,1,1.8,5,1599.00
15.6,,32,1,1.8,1,1699.00
14,1000,8,0,1.2,,589.99
14,512,16,1,1.46,1.7,3869.99
14,256,8,1,1.46,,724.99
15.66,,32,1,1.8,5,1599.00
15.6,,32,1,1.8,1,1699.00
14,1000,8,0,1.2,,589.99
14,512,16,0,1.46,,1681.96
15.6,256,8,1,1.46,,51
13.3,256,16,1,1.46,,3.11
14,2,32,0,1.46,,1599.00
14,1,16,0,1.46,1,1222.99
14,256,16,0,1.46,,980.99
17.3,512,32,1,1.46,,1744.99
14,2,64,1,,,
13.3,1000,8,0,1.46,,1199.81
15.6,1152,20,0,1.1,5,389.99
15.66,,32,1,1.8,5,1599.00
15.6,,32,1,1.8,1,1699.00
14,1000,8,0,1.2,,589.99
17.3,512,32,1,1.46,,1744.99
14,2,64,1,,,
13.3,1000,8,0,1.46,,1199.81
15.6,2,16,0,3,,1853.99
13.3,256,16,0,1.46,,1493.99
14,512,16,0,1.46,,2099.00
15.6,1,8,0,1.46,3.8,899.81
15.6,1152,20,0,1.1,5,389.99
14,64,16,0,1.1,4.7,389.99
15.6,1000,16,0,1.1,4.4,459.99
14,512,8,0,1.46,,899.99
15.6,256,8,0,1.46,4,550.00
14,512,16,1,1.46,,1049.00
15.6,1000,64,0,1.46,4.5,999.99
15.6,1000,20,0,1.46,,639.99
16,1000,32,0,1.46,,899.99
15.66,,32,1,1.8,5,1599.00
15.6,,32,1,1.8,1,1699.00
14,1000,8,0,1.2,,589.99
14,512,16,1,1.46,,1049.00
15.6,2,64,1,1.46,,51
11.6,256,8,0,1.46,,657.24
13.4,1000,16,0,1.46,5,1304.99
14,256,16,1,1.46,,1339.24
15.6,4,64,0,3,,2622.99
14,256,16,1,1.46,,925.00
14,,8,0,1.46,3.6,699.00
15.6,1152,20,0,1.1,5,389.99
14,64,16,0,1.1,4.7,389.99
15.6,1000,16,0,1.1,4.4,459.99
15.66,,32,1,1.8,5,1599.00
15.6,,32,1,1.8,1,1699.00
14,1000,8,0,1.2,,589.99
15.66,,32,1,1.8,5,1599.00
15.6,,32,1,1.8,1,1699.00
14,1000,8,0,1.2,,589.99
15.6,1000,64,0,1.46,,1718.99
15.6,,16,0,2.3,5,1799.99
14,256,16,0,1.46,,627.99
15.6,512,16,1,1.46,3.6,698.25
14,256,16,0,1.46,,1185.77
15.6,512,16,1,2.6,,2499.00
15.66,,32,1,1.8,5,1599.00
15.6,,32,1,1.8,1,1699.00
14,1000,8,0,1.2,,589.99
15.6,500,4,0,1.46,4.3,380.09
15.66,,32,1,1.8,5,1599.00
15.6,,32,1,1.8,1,1699.00
14,1000,8,0,1.2,,589.99
13.3,256,8,0,1.46,,783.16
14,256,16,0,1.46,,1299.95
14,512,16,1,1.46,,1985.86
17,256,8,0,1.46,,1099.00
13.3,256,16,0,1.46,,807.99
14,256,16,1,1.46,,1050.66
15.6,1152,20,0,1.1,5,389.99
14,64,16,0,1.1,4.7,389.99
15.6,1000,16,0,1.1,4.4,459.99
10.1,256,8,0,1.46,,508.74
14,512,32,0,1.46,,1238.73
15.6,1000,32,1,1.46,5,1680.99
16,,7,1,,,931.99
16,1000,64,0,1.46,,1006.99
14,512,8,0,1.46,,633.99
15.6,1000,64,0,1.46,4.5,999.99
15.6,1000,20,0,1.46,,639.99
16,1000,32,0,1.46,,899.99
15.66,,32,1,1.8,5,1599.00
15.6,,32,1,1.8,1,1699.00
14,1000,8,0,1.2,,589.99
15.66,,32,1,1.8,5,1599.00
15.6,,32,1,1.8,1,1699.00
14,1000,8,0,1.2,,589.99
17.3,512,32,1,1.46,,2891.99
13,256,16,0,1.46,,749.99
15.6,256,8,1,1.46,,1299.81
14,1,16,0,1.46,,834.99
15.6,1152,20,0,1.1,5,389.99
14,64,16,0,1.1,4.7,389.99
15.6,1000,16,0,1.1,4.4,459.99
15.6,256,16,0,4.2,,579.99
13.3,512,16,0,1.46,,781.99
,,16,0,1.46,,1499.00
14,256,8,0,1.46,4.8,1999.00
,2,32,1,1.46,,3699.00
13.3,512,16,0,1.46,,708.99
15.6,512,16,0,1.46,,979.00
14.1,,8,0,1.9,4,389.00
15.6,1000,64,0,1.46,4.5,999.99
15.6,1000,20,0,1.46,,639.99
16,1000,32,0,1.46,,899.99
15.66,,32,1,1.8,5,1599.00
15.6,,32,1,1.8,1,1699.00
14,1000,8,0,1.2,,589.99
14,256,16,0,1.46,2.8,524.00
15.6,256,16,1,1100,,2.5422.00
14,2,64,0,1.46,3,1381.99
13.3,1,16,0,1.46,4.7,2499.00
13.3,,16,0,1.6,5,2299.00
14,1,32,1,,,4877.99
14,512,16,0,3,,1102.77
15.6,,16,1,2.2,3.9,1
15.6,1152,20,0,1.1,5,389.99
14,64,16,0,1.1,4.7,389.99
15.6,1000,16,0,1.1,4.4,459.99
16,2000,32,0,1.46,,989.99
17,2,64,1,1.46,,3378.36
11.6,64,4,0,1.46,5,229.00
14,500,8,0,1.46,3.4,399.00
15.6,1000,64,0,1.46,4.5,999.99
15.6,1000,20,0,1.46,,639.99
16,1000,32,0,1.46,,899.99
15.66,,32,1,1.8,5,1599.00
15.6,,32,1,1.8,1,1699.00
14,1000,8,0,1.2,,589.99
15.66,,32,1,1.8,5,1599.00
15.6,,32,1,1.8,1,1699.00
14,1000,8,0,1.2,,589.99
17.3,1000,32,1,1.46,,2799.95
15.6,2000,16,1,1.46,3.3,1752.99
17,512,32,1,1650,,
15.6,512,16,0,1.46,,1005.99
14,512,16,0,1.46,,959.99
15.6,,64,1,2.4,4.7,7399.00
15.6,2,16,0,,,2
15,1,32,1,1.46,,51
15.6,1152,20,0,1.1,5,389.99
15.66,,32,1,1.8,5,1599.00
15.6,,32,1,1.8,1,1699.00
14,1000,8,0,1.2,,589.99
15.6,,8,0,1.6,5,210.00
15.6,1,64,1,,5000,1
15.6,1000,32,1,1.46,,4000.00
13.3,256,8,1,1.46,3.4,999.00
13.3,256,8,1,1.46,,3.6899.81
15.6,1152,20,0,1.1,5,389.99
14,64,16,0,1.1,4.7,389.99
15.6,1000,16,0,1.1,4.4,459.99
15.6,512,16,0,1.46,,1047.99
13.3,512,,1,,,4.31
15.6,4000,64,0,1.46,,3116.99
15.6,256,16,0,1.46,,877.99
13.3,512,8,0,1.46,,1217.99
16.1,2000,32,1,1.46,3,2299.00
15.6,1000,64,0,1.46,4.5,999.99
15.6,1000,20,0,1.46,,639.99
16,1000,32,0,1.46,,899.99
15.66,,32,1,1.8,5,1599.00
15.6,,32,1,1.8,1,1699.00
14,1000,8,0,1.2,,589.99
15,256,16,0,1.46,,1359.99
17,1000,32,1,1.46,,3130.48
13.4,512,16,0,1.46,4,1041.99
15.6,,16,1,1.46,2.9,4.11
15.6,512,16,0,2.5,,1661.99
13.3,512,16,0,1.9,,2499.00
15.66,,32,1,1.8,5,1599.00
15.6,,32,1,1.8,1,1699.00
14,1000,8,0,1.2,,589.99
14,512,16,1,1.46,,835.99
15.6,1,64,1,1.46,,3.52
14,1,16,1,,,847.99
15.66,,32,1,1.8,5,1599.00
15.6,,32,1,1.8,1,1699.00
14,1000,8,0,1.2,,589.99
16,,7,1,,,853.99
11.6,128,8,0,1.46,,218.98
14,2,32,0,1.46,1,1328.99
15.6,1,16,1,1.46,,2229.07
15.6,512,16,1,1.46,,41
13,512,16,0,1.46,,764.99
15.6,1152,20,0,1.1,5,389.99
14,64,16,0,1.1,4.7,389.99
15.6,1000,16,0,1.1,4.4,459.99
17,1,32,1,1.46,,1778.99
15.6,500,,0,4000,2.7,3.7377.30
15.6,,16,0,1.46,5,899.00
15,,8,0,2.5,5,589.97
17.3,2,64,1,5,,2815.30
15,1,32,1,1.46,,973.99
15.6,1000,32,0,1.46,1,2061.99
15.6,1000,64,0,1.46,4.5,999.99
15.6,1000,20,0,1.46,,639.99
16,1000,32,0,1.46,,899.99
15.66,,32,1,1.8,5,1599.00
15.6,,32,1,1.8,1,1699.00
14,1000,8,0,1.2,,589.99
16,512,16,1,500,,1
11.6,32,4,1,1.46,,529.53
13.4,2000,32,0,1.46,,1350.99
15.6,500,4,0,1.46,,5260.00
15.6,1000,16,1,1.46,5,1386.99
13.5,512,16,1,1.46,,4.12
13,256,16,0,1.46,,999.99
15.6,512,16,1,1.46,,1303.23
15.66,,32,1,1.8,5,1599.00
15.6,,32,1,1.8,1,1699.00
14,1000,8,0,1.2,,589.99
14,512,32,0,1.46,4.8,2699.95
14,512,32,0,1.46,,1783.99
15.6,1,64,1,1.46,,2
15.6,256,8,1,1.46,,1033.23
15.6,1,16,0,1.46,3.6,888.99
15.6,1152,20,0,1.1,5,389.99
14,64,16,0,1.1,4.7,389.99
15.6,1000,16,0,1.1,4.4,459.99
15.6,32,32,0,1.46,4,2699.00
15.6,,8,1,,3200,1
15.6,256,8,1,1.46,,1188.20
16,1,16,1,1.46,5,1979.00
15.6,1000,64,0,1.46,4.5,999.99
15.6,1000,20,0,1.46,,639.99
16,1000,32,0,1.46,,899.99
15.66,,32,1,1.8,5,1599.00
15.6,,32,1,1.8,1,1699.00
14,1000,8,0,1.2,,589.99
15.6,1,16,1,1.46,3.4,1999.00
15,256,8,0,1.46,,860.99
13.9,256,8,0,1.8,,359.91
14,512,16,1,,,799.99
15.6,1152,20,0,1.1,5,389.99
14,64,16,0,1.1,4.7,389.99
15.6,1000,16,0,1.1,4.4,459.99
15.6,2000,32,0,1.46,,2393.99
14,1000,32,1,1.46,5,1599.99
14,512,16,0,1.46,,913.99
14,512,32,0,1.46,,998.99
15.6,512,16,1,1.46,,2753.99
14,512,16,0,1.46,,915.99
15.6,1000,64,0,1.46,4.5,999.99
15.6,1000,20,0,1.46,,639.99
16,1000,32,0,1.46,,899.99
15.66,,32,1,1.8,5,1599.00
15.6,,32,1,1.8,1,1699.00
14,1000,8,0,1.2,,589.99
14,512,16,0,1.46,,801.99
15.6,1,32,1,1.46,,2499.95
15.6,1,8,1,2.9,3.4,999.95
15.6,256,16,0,1.46,,399.00
15.6,512,16,1,1.46,4.1,1199.95
13.3,256,8,0,1.6,5,1499.00
15.6,1152,20,0,1.1,5,389.99
14,64,16,0,1.1,4.7,389.99
15.6,1000,16,0,1.1,4.4,459.99
14,512,,0,1.8,,2499.00
15.6,512,16,1,2.6,1,1999.00
12.5,500,4,0,2.5,,715.98
15.66,,32,1,1.8,5,1599.00
15.6,,32,1,1.8,1,1699.00
14,1000,8,0,1.2,,589.99
14,512,8,0,1.46,,669.00
15.6,500,8,0,2.8,2.2,292.90
13.3,128,8,0,1.46,4.3,399.99
11.6,16,2,0,1.46,4.1,169.00
15.6,1000,16,1,2.8,4,1999.00
14,512,16,0,1.2,,999.90
15.6,,16,1,1.46,4.8,1798.95
15.6,1,16,1,1.46,4.4,2299.00
15.6,1152,20,0,1.1,5,389.99
14,64,16,0,1.1,4.7,389.99
15.6,1000,16,0,1.1,4.4,459.99
14,256,8,0,4.2,,764.99
14,512,16,0,1.46,5,1182.71
13.3,256,16,0,4.6,4,1799.00
17.3,500,16,0,1.46,,401.98
12.5,256,8,0,1.46,3.6,999.00
13.3,1000,16,0,1.46,,797.99
15.6,1000,64,0,1.46,4.5,999.99
15.6,1000,20,0,1.46,,639.99
16,1000,32,0,1.46,,899.99
15.66,,32,1,1.8,5,1599.00
15.6,,32,1,1.8,1,1699.00
14,1000,8,0,1.2,,589.99
13,,8,0,1.46,,1099.00
15.6,128,8,0,1.46,4.2,499.99
15.6,256,8,1,1.46,3.7,1699.00
15.6,1,16,0,1.46,,797.99
15.6,512,12,0,1.46,3.9,1499.00
14,256,8,0,1.46,,289.95
15.6,512,16,1,1.46,,1637.99
15.6,256,16,0,1.46,,1465.99
15.6,1152,20,0,1.1,5,389.99
14,64,16,0,1.1,4.7,389.99
15.6,1000,16,0,1.1,4.4,459.99
16,1,32,1,1.46,,2795.40
13.3,512,16,0,4.7,,2099.00
17,512,16,1,1.46,,2145.99
16,256,16,1,1.46,,1646.99
17,2000,64,1,1.46,,3423.99
17.3,1000,32,1,1.46,,2614.99
15.6,1000,64,0,1.46,4.5,999.99
15.6,1000,20,0,1.46,,639.99
16,1000,32,0,1.46,,899.99
15.66,,32,1,1.8,5,1599.00
15.6,,32,1,1.8,1,1699.00
14,1000,8,0,1.2,,589.99
15.6,1,32,1,1.46,4.1,2399.00
15.6,512,16,1,2.6,4.4,1999.00
17.3,,16,1,2.2,4.2,2499.00
13.3,256,,1,520,2.5,4.11
15.6,1,16,1,1.46,4.5,1699.00
14,512,16,0,1.46,,1472.99
15.6,64,8,1,1.46,,289.99
15.6,1152,20,0,1.1,5,389.99
14,64,16,0,1.1,4.7,389.99
15.6,1000,16,0,1.1,4.4,459.99
14,1000,16,0,1.46,,1796.99
15.6,512,16,0,1.46,5,943.69
13.3,1000,16,1,,,
14,512,8,0,1.46,,789.42
13.4,512,16,0,1.46,,1647.30
17.3,512,12,0,1.46,,713.49
15.6,2048,64,1,1.46,5,1086.16
15.6,1,16,1,,,
17,512,16,0,1.46,,2461.99
15.6,1000,64,0,1.46,4.5,999.99
15.66,,32,1,1.8,5,1599.00
15.6,,32,1,1.8,1,1699.00
14,1000,8,0,1.2,,589.99
15.6,2,32,1,1.46,,1037.99
14,256,8,0,1.46,,928.99
15.6,2,32,0,1.46,5,1038.28
15.6,1000,32,1,1.46,,2432.42
15.6,1152,20,0,1.1,5,389.99
14,64,16,0,1.1,4.7,389.99
15.6,1000,16,0,1.1,4.4,459.99
15.6,2000,32,1,1.46,,1409.99
15.6,1,32,0,1.46,,739.99
14,2000,64,1,1.46,,3229.22
17.3,1,16,1,2.6,4.2,1999.00
17,4,64,1,1.46,5,3785.54
14,1,16,0,1.46,,2799.00
15.6,2000,16,0,1.46,,2420.17
15.66,,32,1,1.8,5,1599.00
15.6,,32,1,1.8,1,1699.00
14,1000,8,0,1.2,,589.99
15.6,1,8,0,2.4,4.5,885.99
13.4,1000,32,0,1.46,,1865.99
15.6,2,64,0,1.46,5,1021.99
17.3,2000,64,0,1.46,,3291.99
10.1,256,8,0,1.46,,1999.00
12.4,256,8,0,1.46,3.5,689.99
15.6,2000,,1,3.8,,2492.99
15.6,1152,20,0,1.1,5,389.99
14,64,16,0,1.1,4.7,389.99
15.6,1000,16,0,1.1,4.4,459.99
15.6,256,32,0,1.46,,910.99
15.6,512,8,0,1.46,,549.99
13,1,16,0,620,,3.91
17.3,1000,64,1,1.46,,3097.99
15.6,1000,32,0,1.46,,3080.99
15.6,512,64,0,1.46,,1751.99
15.6,2000,32,0,1.46,,2872.99
15.6,1000,64,0,1.46,4.5,999.99
15.6,1000,20,0,1.46,,639.99
15.66,,32,1,1.8,5,1599.00
15.6,,32,1,1.8,1,1699.00
14,1000,8,0,1.2,,589.99
17.3,1000,16,0,1.46,5,2004.99
13.3,512,16,0,1.46,,900.89
15.6,1,20,0,1.46,,889.99
17.3,1000,32,1,1.46,4.5,2808.99
17.3,512,32,1,1.46,5,3461.33
17,512,16,0,1.46,,1929.99
17,1000,16,1,1.46,,2178.99
15.6,1152,20,0,1.1,5,389.99
14,64,16,0,1.1,4.7,389.99
15.6,1000,16,0,1.1,4.4,459.99
15.6,512,32,1,1.46,,1999.99
13,128,16,0,1.46,,1606.99
15.6,2,32,1,1.46,4.3,2889.99
15.6,,8,0,2.4,1,290.98
15.6,1000,64,0,1.46,4.5,999.99
15.6,1000,20,0,1.46,,639.99
16,1000,32,0,1.46,,899.99
15.66,,32,1,1.8,5,1599.00
15.6,,32,1,1.8,1,1699.00
14,1000,8,0,1.2,,589.99
,1,16,1,1.46,,1729.98
15.6,500,4,0,1.46,4,449.99
15.6,,16,1,5.1,4.2,3299.99
15.66,,32,1,1.8,5,1599.00
15.6,,32,1,1.8,1,1699.00
14,1000,8,0,1.2,,589.99
13.3,512,8,0,1.46,4.2,1899.00
11.6,,4,0,1.46,4.1,289.00
15.6,,12,0,1.46,3.9,499.00
14,32,2,0,1.46,3.4,239.00
11.6,32,4,1,1.46,3.4,299.00
17,512,16,1,1.46,4,1699.95
15.6,1152,20,0,1.1,5,389.99
14,64,16,0,1.1,4.7,389.99
15.6,1000,16,0,1.1,4.4,459.99
17.3,1000,16,1,1.46,3.8,2299.00
15.66,,32,1,1.8,5,1599.00
15.6,,32,1,1.8,1,1699.00
14,1000,8,0,1.2,,589.99
15.6,1,8,1,1050,,4799.00
15.6,256,8,1,3.5,3.5,1499.81
15.6,512,16,1,1.46,,4.21
15.6,128,16,1,1.46,4.1,1599.95
15.6,256,8,0,1.46,4,1399.00
12.5,128,8,0,2.5,3.1,3.7419.00
15.6,,256,1,,5500,4
15.6,2,40,0,4.6,4.4,2999.99
15.6,1,16,0,1.46,4,1373.29
17.3,32,32,0,1.46,4.5,4299.00
15.6,1152,20,0,1.1,5,389.99
14,64,16,0,1.1,4.7,389.99
15.6,1000,16,0,1.1,4.4,459.99
17,1,32,1,2.3,3.7,2897.00
15.6,128,4,0,4.1,5,415.98
15.6,1,,0,1.46,4.1,2099.00
15.6,256,,0,1050,,4849.95
11.6,32,32,0,1.46,3.5,320.00
15.6,256,8,0,1.46,4,511.92
15.6,512,16,1,1.46,,4.22
15.6,1,8,0,1.46,4.1,458.80
14,128,4,0,1.46,4.4,439.00
15.6,1000,64,0,1.46,4.5,999.99
15.6,1000,20,0,1.46,,639.99
16,1000,32,0,1.46,,899.99
15.66,,32,1,1.8,5,1599.00
15.6,,32,1,1.8,1,1699.00
14,1000,8,0,1.2,,589.99
17.3,1000,16,1,2.2,4.2,1999.00
11.6,128,8,0,1.46,3.5,224.99
13.9,512,16,1,1.46,4.2,1699.00
15.4,256,,0,_,2.8,41
14,128,4,0,1.46,4.6,419.98
15.6,,32,1,1.46,4.9,2499.00
14,512,16,0,1.46,3.3,1599.00
15.6,128,4,0,1.46,4.2,429.98
15.6,512,16,1,1.46,4.4,1999.00
15.6,1152,20,0,1.1,5,389.99
14,64,16,0,1.1,4.7,389.99
15.6,1000,16,0,1.1,4.4,459.99
15.6,1,16,1,1.46,4,2399.00
15.6,512,16,1,1.46,4.1,2399.00
14,128,4,0,1.46,5,405.98
15.6,1,32,1,1.46,4.6,2299.00
13,128,8,0,1.46,4.4,1248.00
15.6,1,16,1,1.46,4.1,1299.00
13.3,128,8,1,620,,3.2724.81
15.6,512,8,1,1.8,4.5,659.90
15.6,1000,64,0,1.46,4.5,999.99
15.6,1000,20,0,1.46,,639.99
16,1000,32,0,1.46,,899.99
15.66,,32,1,1.8,5,1599.00
15.6,,32,1,1.8,1,1699.00
14,1000,8,0,1.2,,589.99
15.6,256,8,1,1.46,3.7,1499.00
14,512,8,1,620,,4.2499.00
27,,,1,1.46,4.5,1999.99
,,8,0,1.46,,179.00
15.66,,32,1,1.8,5,1599.00
15.6,,32,1,1.8,1,1699.00
14,1000,8,0,1.2,,589.99
15.6,1,32,1,1.46,,3.21
15.6,256,32,0,1.46,4.4,745.99
10,,8,0,1.46,4.4,495.00
15.6,512,16,1,1.46,3.6,2299.00
15.6,128,8,1,1.46,3.6,429.99
17,512,32,1,1.46,,2902.90
17,2000,64,1,1.46,,4274.55
15.6,,7,1,1.46,,1
15.6,1152,20,0,1.1,5,389.99
14,64,16,0,1.1,4.7,389.99
15.6,1000,16,0,1.1,4.4,459.99
15.6,512,64,0,1.46,,1799.09
17,1000,16,1,1.46,,3164.87
16,1000,64,1,1.46,,2270.21
17,512,16,1,1.46,,2528.85
15.66,,32,1,1.8,5,1599.00
15.6,,32,1,1.8,1,1699.00
14,1000,8,0,1.2,,589.99
16,1000,40,1,1.46,,1281.52
17,512,32,1,1.46,,2624.08
18,512,32,1,1.46,,3072.76
17,1000,64,1,1.46,,3378.36
14,512,16,1,1.46,,1552.30
16,1000,16,1,1.46,,2528.90
15.6,1000,32,1,1.46,,1996.29
16,1000,24,1,1.46,,1251.66
15.6,2000,32,0,1.46,,1032.65
15.66,,32,1,1.8,5,1599.00
15.6,,32,1,1.8,1,1699.00
14,1000,8,0,1.2,,589.99
14,1000,32,1,1.46,,1670.17
14,1000,16,0,1.46,,1066.53
14,256,8,0,1.46,,577.49
14,1000,16,0,1.46,,871.03
15.6,1000,64,1,1.46,,2302.48
14,256,16,0,1.46,,1312.82
15.6,2000,32,0,1.46,,2548.37
15.6,128,4,1,1.46,,1898.56
18,512,32,1,1.46,,3072.76
17.3,512,64,1,1.46,,3376.64
15.66,,32,1,1.8,5,1599.00
15.6,,32,1,1.8,1,1699.00
14,1000,8,0,1.2,,589.99
14,256,8,0,1.46,,633.42
13.3,1000,32,0,1.46,,1715.63
13.3,1000,4,0,1.46,,554.04
17.3,512,16,1,1.46,,2817.15
18,1000,32,1,1.46,,2200.53
14,512,32,0,1.46,,997.74
17,2000,64,1,1.46,,4274.55
15.6,2000,32,0,1.46,,2548.37
15.6,1000,64,1,1.46,,2161.58
13.3,1000,32,0,1.46,,1535.10
14,256,16,0,1.46,,1420.42
15.6,1152,20,0,1.1,5,389.99
14,64,16,0,1.1,4.7,389.99
15.6,1000,16,0,1.1,4.4,459.99
17.3,2000,64,1,1.46,,3378.36
16,1000,16,1,1.46,,1782.43
16,1000,16,1,1.46,,1811.42
15.6,1000,64,0,1.46,,1786.59
13.3,256,32,0,1.46,,1944.65
14,256,32,1,1.46,,1589.67
16,2000,40,1,1.46,,1366.70
18,512,16,1,1.46,,2994.02
14,1000,32,0,1.46,,1774.79
15.6,1000,64,1,1.46,,3417.95
15.6,512,32,0,1.46,,953.82
17.3,512,32,1,1.46,,2815.30
15.6,1000,64,0,1.46,4.5,999.99
15.6,1000,20,0,1.46,,639.99
16,1000,32,0,1.46,,899.99
15.66,,32,1,1.8,5,1599.00
15.6,,32,1,1.8,1,1699.00
14,1000,8,0,1.2,,589.99
15.6,1000,16,0,1.46,,968.87
16,1000,16,1,1.46,,11261.24
17.3,1000,32,1,1.46,,2815.30
15.6,256,16,0,1.46,,788.28
14,256,16,0,1.46,,934.67
14,256,32,0,1.46,,1096.11
15.66,,32,1,1.8,5,1599.00
15.6,,32,1,1.8,1,1699.00
14,1000,8,0,1.2,,589.99
15.6,2000,32,0,1.46,,1032.65
14,512,32,0,1.46,,1341.23
14,512,32,0,1.46,,1238.73
17,512,16,1,1.46,,2293.45
15.6,1000,16,0,1.46,,1296.33
15.6,1000,16,0,1.46,,1493.99
17.3,1000,32,1,1.46,,2815.30
17,32,128,0,1.46,,4618.90
17.3,1000,32,1,1.46,,2815.30
16,512,24,1,1.46,,1201.13
16,512,16,0,1.46,,1168.52
17,1000,64,0,1.46,,2815.30
15.6,1152,20,0,1.1,5,389.99
14,64,16,0,1.1,4.7,389.99
15.6,1000,16,0,1.1,4.4,459.99
17,4000,128,0,1.46,,4736.68
17,2000,64,0,1.46,,4779.89
15.6,1000,16,0,1.46,,2440.56
16,512,16,1,1.46,,1168.52
16,4000,40,1,1.46,,1519.14
17,2000,64,1,1.46,,2691.43
16,1000,24,1,1.46,,1246.60
18,1000,64,1,1.46,,3184.81
16,1000,40,1,1.46,,1297.89
15.6,512,16,0,1.46,,1278.60
13.4,1000,16,0,1.46,,1558.96
15.6,1000,64,0,1.46,4.5,999.99
15.6,1000,20,0,1.46,,639.99
15.66,,32,1,1.8,5,1599.00
15.6,,32,1,1.8,1,1699.00
14,1000,8,0,1.2,,589.99
14,512,16,0,1.46,,1230.13
17,512,16,1,1.46,,2815.30
17.3,512,64,1,1.46,,3346.83
15.6,256,8,0,1.46,,672.21
14,256,16,0,1.46,,1345.97
16,512,24,1,1.46,,1201.13
18,4000,64,1,1.46,,3600.31
13.3,512,8,0,1.46,5,2031.80
16,1000,16,1,1.46,,11261.24
15.6,512,32,1,1.46,,2134.20
18,2000,64,1,1.46,,2728.74
13.3,512,32,0,1.46,,1507.90
15.6,1152,20,0,1.1,5,389.99
14,64,16,0,1.1,4.7,389.99
15.6,1000,16,0,1.1,4.4,459.99
17.3,1000,64,1,1.46,,3431.25
17,1000,16,1,1.46,,3164.87
13.3,256,,0,3.5,,1052.58
16,4000,40,1,1.46,,1513.50
15.6,1000,64,0,1.46,,2617.36
17,512,32,1,1.46,,2902.90
15.6,128,8,0,1.46,,2467.69
13,512,16,0,1.46,,1341.66
16,512,16,1,1.46,,1168.52
16,,512,1,,,
15.6,2000,64,1,1.46,,3466.81
15.6,1000,64,0,1.46,4.5,999.99
15.6,1000,20,0,1.46,,639.99
16,1000,32,0,1.46,,899.99
15.66,,32,1,1.8,5,1599.00
15.6,,32,1,1.8,1,1699.00
14,1000,8,0,1.2,,589.99
16,2000,40,1,1.46,,1359.21
16,1000,64,1,1.46,,2270.21
17,2000,64,0,1.46,,4779.89
16,1000,24,1,1.46,,1244.23
18,4000,32,1,1.46,,3133.16
16,512,24,1,1.46,,1193.72
14,512,16,0,1.46,,1230.13
16,1000,16,1,1.46,,2528.90
15.6,128,64,0,1.46,,736.85
15.6,2000,32,0,1.46,,796.78
15.6,2000,64,0,1.46,,822.44
15.6,1152,20,0,1.1,5,389.99
14,64,16,0,1.1,4.7,389.99
15.6,1000,16,0,1.1,4.4,459.99
15.6,256,32,0,1.46,,673.09
15.6,512,32,0,1.46,,689.33
15.6,128,16,0,1.46,,903.92
15.6,8000,16,0,1.46,,1815.25
15.6,2000,64,1,1.46,,3402.13
15.6,1000,32,0,1.46,,1902.99
15.6,2000,16,0,1.46,,1823.99
15.6,2000,16,0,1.46,,715.58
15.6,512,8,0,1.46,,928.99
14,,5,1,1.46,,841.21
15.6,8000,16,0,1.46,,2956.99
15.6,1000,64,0,1.46,4.5,999.99
15.6,1000,20,0,1.46,,639.99
16,1000,32,0,1.46,,899.99
15.66,,32,1,1.8,5,1599.00
15.6,,32,1,1.8,1,1699.00
14,1000,8,0,1.2,,589.99
15.6,512,64,0,1.46,,2567.99
15.6,2000,64,0,1.46,,814.33
15.6,2000,8,0,1.46,,694.33
15.6,8000,32,1,1.46,,4399.64
15.6,1000,16,0,1.46,,948.19
15.6,256,16,0,1.46,,1623.99
14,512,16,0,1.46,,1186.99
15.6,256,16,0,1.46,,645.61
14,2000,16,0,1.46,,1290.99
15.6,1152,20,0,1.1,5,389.99
14,64,16,0,1.1,4.7,389.99
15.6,1000,16,0,1.1,4.4,459.99
15.6,1000,32,0,1.46,,1806.99
15.6,512,64,0,1.46,,715.99
15.6,512,16,0,1.46,,1763.99
15.6,4,64,1,,,
15.6,4000,8,0,1.46,,910.99
15.6,512,16,0,1.46,,1770.99
15.6,128,16,0,1.46,,634.37
14,256,16,0,1.46,,1733.99
15.6,256,8,0,1.46,,2337.99
15.6,4000,16,0,1.46,,926.65
15.6,2000,,1,1.46,,999.99
15.6,512,16,0,1.46,,1715.99
15.6,1000,64,0,1.46,4.5,999.99
15.6,1000,20,0,1.46,,639.99
16,1000,32,0,1.46,,899.99
15.66,,32,1,1.8,5,1599.00
15.6,,32,1,1.8,1,1699.00
14,1000,8,0,1.2,,589.99
15.6,8000,64,0,1.46,,2020.26
14,512,8,0,1.46,,1620.93
14,512,32,0,1.46,,2301.99
15.6,256,8,0,1.46,,595.35
15.6,512,32,0,1.46,,1764.99
15.6,4000,64,0,1.46,,2230.99
15.6,512,64,0,1.46,,1885.99
15.6,6000,64,0,1.46,,1790.48
15.6,2000,16,0,1.46,,755.61
15.6,2000,32,0,1.46,,2020.99
15.6,256,16,0,1.46,,878.37
14,512,8,0,1.46,,807.99
15.6,1152,20,0,1.1,5,389.99
14,64,16,0,1.1,4.7,389.99
15.6,1000,16,0,1.1,4.4,459.99
15.6,8000,64,0,1.46,,2025.89
14,512,8,0,1.46,,801.99
14,512,16,0,1.46,,807.99
13.3,1000,32,0,1.46,,1670.99
15.6,2000,32,0,1.46,,2547.99
14,256,32,0,1.46,,1015.99
15.6,4000,8,0,1.46,,911.74
15.6,512,32,0,1.46,,959.45
15.6,512,64,0,1.46,,763.99
15.6,512,32,0,1.46,,1811.99
15.6,2000,64,0,1.46,,865.70
15.6,8000,32,0,1.46,,1847.31
15.6,1000,64,0,1.46,4.5,999.99
15.66,,32,1,1.8,5,1599.00
15.6,,32,1,1.8,1,1699.00
14,1000,8,0,1.2,,589.99
15.6,2000,16,0,1.46,,1816.99
14,1000,16,0,1.46,,834.99
15.6,2000,32,0,1.46,,1038.28
15.6,8000,32,0,1.46,,1920.04
14,1000,32,0,1.46,,1515.99
15.6,8000,32,0,1.46,,3004.99
15.6,512,32,0,1.46,,689.33
15.6,1000,32,0,1.46,,993.99
15.6,6000,32,0,1.46,,1703.28
15.6,2000,16,0,1.46,,767.11
15.6,1000,32,0,1.46,,827.99
14,2000,8,0,1.46,,880.99
15.6,1152,20,0,1.1,5,389.99
14,64,16,0,1.1,4.7,389.99
15.6,1000,16,0,1.1,4.4,459.99
15.6,8000,16,0,1.46,,2948.99
15.66,,32,1,1.8,5,1599.00
15.6,,32,1,1.8,1,1699.00
14,1000,8,0,1.2,,589.99
15.6,4000,16,0,1.46,,2445.99
15.6,500,16,0,1.46,,619.39
14,2000,32,0,1.46,,1137.99
15.6,4000,32,0,1.46,,2494.99
15.6,512,16,1,1.46,,1015.99
15.6,512,32,0,1.46,,1819.99
14,2,4,1,,,
15.6,2000,32,0,1.46,,1872.99
15.6,256,8,0,1.46,,573.24
14,256,32,0,1.46,,1011.25
15.6,512,32,1,1.46,,2128.99
15.6,1152,20,0,1.1,5,389.99
14,64,16,0,1.1,4.7,389.99
15.6,1000,16,0,1.1,4.4,459.99
14,512,16,0,1.46,,807.99
14,256,32,0,1.46,,1011.25
15.6,4000,64,0,1.46,,1324.31
15.6,256,8,0,1.46,,844.58
15.66,,32,1,1.8,5,1599.00
15.6,,32,1,1.8,1,1699.00
14,1000,8,0,1.2,,589.99
15.6,256,64,0,1.46,,736.85
15.6,512,4,0,1.46,,1574.99
15.6,4000,64,0,1.46,,1031.24
15.6,1000,16,0,1.46,,1860.99
15.6,2000,64,0,1.46,,1993.99
14,1000,16,1,1.46,,969.99
15.6,1000,8,0,1.46,,931.30
15.6,1000,32,0,1.46,,820.99
15.6,2000,8,0,1.46,,977.47
15.6,2000,32,0,1.46,,742.99
13.3,1000,8,0,1.46,,803.99
15.6,8000,64,0,1.46,,2020.26
15.6,1152,20,0,1.1,5,389.99
14,64,16,0,1.1,4.7,389.99
15.6,1000,16,0,1.1,4.4,459.99
14,1000,32,0,1.46,,1091.99
14,1000,16,0,1.46,,1229.99
15.6,512,32,0,1.46,,2446.99
14,256,16,0,1.46,,3458.99
15.6,1000,16,0,1.46,,2439.99
15.6,2000,64,0,1.46,,877.88
15.6,512,16,0,1.46,,1672.99
15.6,1000,16,0,1.46,,953.82
13.3,2000,16,0,1.46,,880.99
15.6,512,64,0,1.46,,776.54
16,2000,48,1,1.46,,1419.99
15.6,2000,64,0,1.46,,1132.87
15.6,1000,64,0,1.46,4.5,999.99
15.6,1000,20,0,1.46,,639.99
16,1000,32,0,1.46,,899.99
15.66,,32,1,1.8,5,1599.00
15.6,,32,1,1.8,1,1699.00
14,1000,8,0,1.2,,589.99
15.6,512,,1,1.46,,898.64
14,256,16,0,1.46,,764.99
13.3,256,16,0,1.46,,839.99
15.6,128,16,0,1.46,,878.37
15.6,2000,64,0,1.46,,876.99
15.6,1000,16,0,1.46,,2439.99
15.6,8000,64,0,1.46,,3021.99
15.6,256,8,0,1.46,,1655.99
15.6,1000,64,0,1.46,,810.28
15.6,512,8,0,1.46,,600.68
15.6,512,16,0,1.46,,915.52
15.6,1152,20,0,1.1,5,389.99
14,64,16,0,1.1,4.7,389.99
15.6,1000,16,0,1.1,4.4,459.99
15.6,512,64,0,1.46,,716.83
15.6,4000,64,0,1.46,,2126.99
15.6,256,32,0,1.46,,1605.99
15.6,4000,16,0,1.46,,1180.17
15.6,512,16,0,1.46,,1102.99
15.6,512,8,0,1.46,,658.99
15.6,4000,64,0,1.46,,1324.31
15.6,512,32,0,1.46,,700.58
15.6,512,32,0,1.46,,1703.99
13.3,1000,16,0,1.46,,834.99
14,256,12,0,1.46,,602.47
15.6,1000,64,0,1.46,4.5,999.99
15.6,1000,20,0,1.46,,639.99
16,1000,32,0,1.46,,899.99
15.66,,32,1,1.8,5,1599.00
15.6,,32,1,1.8,1,1699.00
14,1000,8,0,1.2,,589.99
15.6,512,16,0,1.46,,613.99
13.3,256,8,0,1.46,,595.99
15.6,2000,32,0,1.46,,1032.65
15.6,256,16,0,1.46,,878.37
14,1000,16,0,1.46,,840.99
14,512,16,0,1.46,,801.99
14,2000,16,0,1.46,,886.99
14,256,8,0,1.46,,1122.99
14,512,16,0,1.46,,1179.99
15.6,8000,32,0,1.46,,1925.66
15.6,256,32,0,1.46,,614.40
15.6,1152,20,0,1.1,5,389.99
14,64,16,0,1.1,4.7,389.99
15.6,1000,16,0,1.1,4.4,459.99
14,256,8,0,1.46,,765.75
13.3,256,8,0,1.46,,739.99
13.3,512,16,0,1.46,,900.89
15.6,256,32,0,1.46,,916.66
15.6,512,16,0,1.46,,923.99
15.6,512,16,0,1.46,,921.16
15.6,256,16,0,1.46,,844.58
15.6,512,16,1,,,
15.6,512,32,0,1.46,,688.99
14,256,,1,1.46,,764.99
15.6,4000,32,0,1.46,,2005.99
15.6,1000,64,0,1.46,4.5,999.99
15.6,1000,20,0,1.46,,639.99
16,1000,32,0,1.46,,899.99
15.66,,32,1,1.8,5,1599.00
15.6,,32,1,1.8,1,1699.00
14,1000,8,0,1.2,,589.99
15.6,512,64,0,1.46,,775.99
14,2000,16,0,1.46,,880.99
15.6,512,32,1,1.46,,2860.99
13.3,256,8,0,1.46,,576.99
15.6,512,4,0,1.46,,891.88
15.6,2000,16,0,1.46,,755.61
15.6,2000,32,0,1.46,,877.99
15.6,8000,16,1,1.46,,4000.07
15.6,256,64,0,1.46,,735.99
17,512,16,1,1.46,,2501.99
15.6,2000,64,0,1.46,,876.99
15.6,1152,20,0,1.1,5,389.99
14,64,16,0,1.1,4.7,389.99
15.6,1000,16,0,1.1,4.4,459.99
16,1,16,1,,,
13.3,512,16,0,1.46,,730.99
15.6,128,64,0,1.46,,735.99
15.6,512,,1,1.46,,1620.99
15.6,2000,,1,1.46,,1038.28
15.6,8000,64,0,1.46,,1933.99
15.6,256,32,0,1.46,,2407.99
15.6,1000,64,0,1.46,,1941.99
15.6,1000,64,0,1.46,,2030.99
15.6,2000,32,0,1.46,,1038.28
15.6,2000,64,1,1.46,,2389.13
15.6,1000,64,0,1.46,4.5,999.99
15.6,1000,20,0,1.46,,639.99
16,1000,32,0,1.46,,899.99
15.66,,32,1,1.8,5,1599.00
15.6,,32,1,1.8,1,1699.00
14,1000,8,0,1.2,,589.99
15.6,2000,64,0,1.46,,865.70
15.6,2000,16,0,1.46,,994.35
14,2000,32,0,1.46,,1552.99
15.6,128,32,0,1.46,,660.99
15.6,1000,64,0,1.46,,758.99
15.6,2000,16,0,1.46,,754.99
15.6,500,16,0,1.46,,618.99
15.6,1000,16,0,1.46,,790.99
14,256,16,0,1.46,,764.99
14,1000,8,0,1.46,,840.99
15.6,512,32,0,1.46,,773.99
15.6,512,8,0,1.46,,648.11
15.6,1152,20,0,1.1,5,389.99
14,64,16,0,1.1,4.7,389.99
15.6,1000,16,0,1.1,4.4,459.99
15.6,512,4,0,1.46,,1574.99
14,512,32,0,1.46,,3820.99
14,256,32,0,1.46,,841.99
14,256,16,0,1.46,,1751.99
15.6,4000,16,1,1.46,,3042.79
15.6,512,12,0,1.46,,889.99
14,4,16,1,1.46,,1
15.6,512,16,0,1.46,,988.99
14,128,16,0,1.46,,764.99
14,512,16,0,1.46,,807.99
13.3,512,8,0,1.46,,863.99
15.6,1000,64,0,1.46,4.5,999.99
15.6,1000,20,0,1.46,,639.99
16,1000,32,0,1.46,,899.99
15.66,,32,1,1.8,5,1599.00
15.6,,32,1,1.8,1,1699.00
14,1000,8,0,1.2,,589.99
14,512,32,0,1.46,,1053.99
15.6,2000,64,0,1.46,,813.99
15.6,2000,64,0,1.46,,1138.50
15.6,512,16,0,1.46,,915.52
15.6,2000,32,0,1.46,,784.64
15.6,2000,16,0,1.46,,1720.99
15.66,,32,1,1.8,5,1599.00
15.6,,32,1,1.8,1,1699.00
14,1000,8,0,1.2,,589.99
15.6,512,16,0,1.46,,1672.99
15.6,2,8,1,,,
14,1000,64,0,1.46,,1153.14
13.4,,5,1,1.46,,1
15.6,2000,8,0,1.46,,977.47
15.6,128,8,0,1.46,,619.99
14,1000,32,0,1.46,,922.99
15.6,512,32,1,1.46,,1556.10
14,1,16,1,1.46,,1
15.6,128,4,1,1.46,,1563.99
15.6,1000,32,0,1.46,,2488.99
15.66,,32,1,1.8,5,1599.00
15.6,,32,1,1.8,1,1699.00
14,1000,8,0,1.2,,589.99
15.6,2,4,1,,,
16,4,16,1,,,
16,1,32,1,,,
15.66,,32,1,1.8,5,1599.00
15.6,,32,1,1.8,1,1699.00
14,1000,8,0,1.2,,589.99
15.6,256,32,0,1.46,,613.99
14,512,16,1,1.46,,1305.99
15.6,512,8,0,1.46,,1373.99
15.6,2000,32,0,1.46,,1865.99
15.6,512,16,0,1.46,,1763.99
15.6,256,32,0,1.46,,1725.99
15.6,512,64,0,1.46,,1885.99
14,256,16,0,1.46,,1751.99
13.3,256,16,0,1.46,,1367.45
17,1000,16,1,1.46,,2253.72
17.3,512,16,1,1.46,,1951.52
15.6,1152,20,0,1.1,5,389.99
14,64,16,0,1.1,4.7,389.99
15.6,1000,16,0,1.1,4.4,459.99
15.6,2000,16,1,1.46,,2945.99
13.3,256,16,0,1.46,,991.99
16,1000,16,1,1.46,,2807.93
16,1,31.99,1,,,
14,512,16,0,1.46,,699.99
14,256,32,0,1.46,,2291.99
18,2000,32,1,1.46,,2640.17
15.6,2000,16,0,1.46,,1971.99
15.6,8000,16,0,1.46,,1887.38
15.6,512,64,0,1.46,,764.40
15.6,256,4,0,1.46,,691.99
15.6,1000,64,0,1.46,4.5,999.99
15.6,1000,20,0,1.46,,639.99
16,1000,32,0,1.46,,899.99
15.66,,32,1,1.8,5,1599.00
15.6,,32,1,1.8,1,1699.00
14,1000,8,0,1.2,,589.99
15.6,512,12,0,1.46,,890.37
15.6,256,12,0,1.46,,852.99
15.6,1000,64,1,1.46,,3335.99
14,128,8,0,1.46,,765.75
15.6,512,32,0,1.46,,773.99
15.6,512,16,1,1.46,,1710.99
18,2000,32,1,1.46,,2321.99
13.4,512,32,0,1.46,,1720.95
16,,5,1,1.46,,888.99
15.6,1152,20,0,1.1,5,389.99
14,64,16,0,1.1,4.7,389.99
15.6,1000,16,0,1.1,4.4,459.99
15.6,512,8,1,,,
15.6,1000,32,0,1.46,,992.10
15.6,1000,64,0,1.46,,1086.71
15.6,2000,8,0,1.46,,618.15
15.6,1000,32,0,1.46,,1702.99
15.6,1,32,1,,,
15.6,128,8,0,1.46,,1529.99
15.6,1000,,1,1.46,,936.93
15.6,1000,64,0,1.46,4.5,999.99
15.6,1000,20,0,1.46,,639.99
16,1000,32,0,1.46,,899.99
15.66,,32,1,1.8,5,1599.00
15.6,,32,1,1.8,1,1699.00
14,1000,8,0,1.2,,589.99
13.3,2,16,1,,,
18,2000,32,1,1.46,,2640.17
15.6,2000,32,0,1.46,,735.59
18,512,16,1,1.46,,3163.36
15.6,512,32,0,1.46,,1764.99
15.6,4000,64,0,1.46,,2912.99
14,512,16,0,1.46,,1179.99
15.6,500,64,0,1.46,,721.83
15.6,512,32,0,1.46,,641.86
15.6,4000,16,0,1.46,,1958.99
15.6,1000,16,1,1.46,,2437.64
15.6,1152,20,0,1.1,5,389.99
14,64,16,0,1.1,4.7,389.99
15.6,1000,16,0,1.1,4.4,459.99
14,2,64,1,,,
15.6,2000,32,0,1.46,,796.78
15.6,2000,16,1,1.46,,2433.27
15.6,8000,64,0,1.46,,3132.99
15.6,1000,64,1,1.46,,3175.75
17.3,512,32,1,1.46,,2815.30
15.6,2000,32,1,1.46,,3111.99
13.3,512,16,0,1.46,,900.89
13.3,512,32,0,1.46,,1621.99
15.6,512,32,0,1.46,,780.99
15.6,1000,64,0,1.46,4.5,999.99
15.6,1000,20,0,1.46,,639.99
16,1000,32,0,1.46,,899.99
15.66,,32,1,1.8,5,1599.00
15.6,,32,1,1.8,1,1699.00
14,1000,8,0,1.2,,589.99
15.6,512,16,0,1.46,,1620.99
15.6,256,8,0,1.46,,594.99
15.6,1000,16,0,1.46,,790.99
14,256,32,0,1.46,,1015.99
14,1000,16,1,1.46,,2104.92
14,,128,1,,,
18,1000,16,1,1.46,,2954.63
15.66,,32,1,1.8,5,1599.00
15.6,,32,1,1.8,1,1699.00
14,1000,8,0,1.2,,589.99
15.6,1000,32,0,1.46,,683.99
15.6,1000,16,0,1.46,,703.99
15.6,256,16,0,1.46,,1077.99
14,512,,1,1.46,,1327.99
15.6,4000,32,0,1.46,,1218.46
14,512,32,0,1.46,,1058.99
15.6,1000,16,1,1.46,,1679.99
15.6,1000,16,1,1.46,,2436.99
13.3,512,16,0,1.46,,1194.99
14,512,16,0,1.46,,1621.99
15.6,1152,20,0,1.1,5,389.99
14,64,16,0,1.1,4.7,389.99
15.6,1000,16,0,1.1,4.4,459.99
15.6,2000,16,0,1.46,,999.99
15.6,512,8,0,1.46,,1102.99
13.3,512,16,0,1.46,,934.67
15.6,2000,16,0,1.46,,754.99
15.66,,32,1,1.8,5,1599.00
15.6,,32,1,1.8,1,1699.00
14,1000,8,0,1.2,,589.99
14,512,32,0,1.46,,1314.99
15.6,1,32,1,,,
15.6,1000,16,0,1.46,,776.99
14,1000,16,1,1.46,,2103.99
16,2000,64,1,1.46,,2959.99
14,256,16,0,1.46,,1316.99
16,512,16,1,1.46,,3007.99
14,2,16,1,,,
13.3,512,16,0,7,,799.99
17,512,64,0,1.46,,2815.30
16,512,16,1,1.46,,1161.11
15.6,1152,20,0,1.1,5,389.99
15.66,,32,1,1.8,5,1599.00
15.6,,32,1,1.8,1,1699.00
14,1000,8,0,1.2,,589.99
15.6,256,16,0,1.46,,822.99
16,4000,64,1,1.46,,3946.44
14,256,16,0,1.46,,2550.99
15.6,1,16,1,,,
15.6,512,16,1,1.46,,981.99
15.6,4000,64,1,1.46,,3447.23
15.6,512,64,0,1.46,,1799.09
18,1000,64,1,1.46,,2713.81
15.6,256,64,0,1.46,,689.33
15.6,512,16,1,1.46,,2572.05
15.6,4000,64,0,1.46,,2622.99
14,1000,64,0,1.46,,1265.99
15.6,1152,20,0,1.1,5,389.99
14,64,16,0,1.1,4.7,389.99
15.6,1000,16,0,1.1,4.4,459.99
14,256,16,0,1.46,,3415.99
15.6,1000,32,0,1.46,,731.83
15.6,1000,8,0,1.46,,936.93
14,256,16,0,1.46,,1130.99
15.6,1000,32,0,1.46,,1046.99
15.6,512,,0,1.8,,1173.01
16,2000,32,1,1.46,,3854.66
15.6,4000,32,0,1.46,,2102.99
16,1000,32,1,1.46,,3757.54
16,512,16,1,1.46,,1210.99
15.6,256,12,0,1.46,,853.82
15.6,1000,64,0,1.46,4.5,999.99
15.6,1000,20,0,1.46,,639.99
16,1000,32,0,1.46,,899.99
15.66,,32,1,1.8,5,1599.00
15.6,,32,1,1.8,1,1699.00
14,1000,8,0,1.2,,589.99
15.6,256,8,0,1.46,,861.48
15.6,2000,,1,1.46,,989.85
15.6,4000,16,0,1.46,,2053.99
14,1000,32,0,1.46,,1275.99
15.6,2000,64,0,1.46,,1132.87
13.3,256,16,0,1.46,,821.99
15.6,256,16,0,1.46,,2354.99
15.6,2000,64,1,1.46,,2388.99
15.6,1,32,1,,,
16,1000,16,1,1.46,,1310.99
15.6,1152,20,0,1.1,5,389.99
14,64,16,0,1.1,4.7,389.99
15.6,1000,16,0,1.1,4.4,459.99
15.6,512,16,0,1.46,,943.69
15.6,1000,16,0,1.46,,967.99
15.6,2,48,1,,,
15.6,1000,8,0,1.46,,931.30
15.6,1,32,1,,,
17.3,1,64,1,,,
16,2000,32,1,1.46,,3854.66
15.6,1000,32,0,1.46,,1909.99
14,,7,1,1.46,,968.99
17.3,1000,16,1,1.46,,2700.99
15.6,1000,64,0,1.46,4.5,999.99
15.66,,32,1,1.8,5,1599.00
15.6,,32,1,1.8,1,1699.00
14,1000,8,0,1.2,,589.99
15.6,512,64,1,1.46,,3287.15
13.3,512,16,1,,,
16,512,16,1,,,
13.4,1000,16,0,1.46,,1494.62
17,1000,64,1,1.46,,3415.99
18,1000,32,1,1.46,,2478.32
15.6,4000,64,0,1.46,,2629.99
15.6,512,16,0,1.46,,1715.99
15.6,1000,64,0,1.46,,1830.99
15.6,2000,32,0,1.46,,743.09
15.6,1152,20,0,1.1,5,389.99
14,64,16,0,1.1,4.7,389.99
15.6,1000,64,0,1.46,4.5,999.99
14,512,16,0,1.46,,807.99
15.6,1000,16,0,1.46,,1661.99
15.6,1000,16,0,1.46,,703.99
15.6,256,4,0,1.46,,691.99
15.6,8000,32,1,1.46,,4398.99
15.6,256,16,0,1.46,,864.99
13.4,512,32,0,1.46,,1495.99
16,1,48,1,,,
15.6,2000,32,0,1.46,,1032.65
14,1000,32,0,1.46,,3869.99
13.3,256,16,0,1.46,,899.99
14,1000,8,0,1.46,,840.99
15.6,1000,16,0,1.1,4.4,459.99
16,1000,32,0,1.46,,899.99
15.6,1000,20,0,1.46,,639.99
15.66,,32,1,1.8,5,1599.00
15.6,,32,1,1.8,1,1699.00
14,1000,8,0,1.2,,589.99
15.66,,32,1,1.8,5,1599.00
15.6,,32,1,1.8,1,1699.00
14,1000,8,0,1.2,,589.99
17.3,1000,16,1,1.46,,2410.99
15.6,4,12,1,,,
15.6,2,64,1,,,
17,1000,32,0,1.46,,2815.30
14,512,16,1,1.46,,1552.30
15.6,512,32,0,1.46,,953.82
15.6,4000,16,0,1.46,,1185.79
15.6,512,64,0,1.46,,776.54
15.6,512,16,0,1.46,,1666.65
15.6,2000,16,0,1.46,,767.11
15.6,1152,20,0,1.1,5,389.99
14,64,16,0,1.1,4.7,389.99
15.6,1000,16,0,1.1,4.4,459.99
15.6,1000,8,0,1.46,,690.58
15.6,4000,16,0,1.46,,1950.99
15.6,1000,16,0,1.46,,619.99
17.3,4,64,1,,,
14,2000,16,0,1.46,,886.99
15.6,512,32,0,1.46,,699.99
15.6,4000,64,0,1.46,,1318.68
14,1000,16,0,1.46,,1267.99
15.6,4000,32,1,1.46,,3329.94
15.6,128,4,0,1.46,,608.33
14,256,16,0,1.46,,708.99
14,1000,16,0,1.46,,1424.99
15.6,1000,64,0,1.46,4.5,999.99
15.6,1000,20,0,1.46,,639.99
16,1000,32,0,1.46,,899.99
15.66,,32,1,1.8,5,1599.00
15.6,,32,1,1.8,1,1699.00
14,1000,8,0,1.2,,589.99
15.6,500,8,0,1.46,,599.44
15.6,4000,32,0,1.46,,955.99
14,1000,16,0,1.46,,1155.99
15.6,6000,16,0,1.46,,1670.99
15.6,256,16,0,1.46,,2366.99
15.6,512,32,0,1.46,,953.82
15.66,,32,1,1.8,5,1599.00
15.6,,32,1,1.8,1,1699.00
14,1000,8,0,1.2,,589.99
14,128,4,0,1.46,,1078.99
15,512,16,0,1.46,,1046.99
13.3,256,16,0,1.46,,683.99
14,512,32,0,1.46,,1125.99
14,2000,,1,1.46,,1328.99
15.6,2000,16,0,1.46,,714.99
17.3,1000,32,1,1.46,,3176.99
15.66,,32,1,1.8,5,1599.00
15.6,,32,1,1.8,1,1699.00
14,1000,8,0,1.2,,589.99
15.6,512,16,1,1.46,,2126.99
15.6,512,32,0,1.46,,953.82
15.6,512,8,0,1.46,,1584.99
15.6,512,8,0,1.46,,921.99
15.6,256,16,0,1.46,,719.99
15.6,512,64,1,1.46,,2877.06
15.6,2000,64,0,1.46,,821.99
15.6,512,16,0,1.46,,660.99
18,1000,32,1,1.46,,2
16,512,32,1,1.46,,1989.85
18,512,16,1,1.46,,2244.54
15.6,1152,20,0,1.1,5,389.99
14,64,16,0,1.1,4.7,389.99
15.6,1000,16,0,1.1,4.4,459.99
15.6,4000,32,0,1.46,,2109.99
15.6,2000,32,0,1.46,,1761.99
14,2000,16,0,1.46,,1283.99
15.6,2000,32,0,1.46,,877.99
14,512,32,0,1.46,,1231.99
15.6,512,8,0,1.46,,647.99
16,2,16,1,,,
14,1000,16,0,1.46,,1305.17
16,,256,1,,,
15.6,512,32,0,1.46,,953.82
15.6,1000,64,0,1.46,4.5,999.99
16,1000,32,0,1.46,,899.99
15.6,1000,20,0,1.46,,639.99
15.66,,32,1,1.8,5,1599.00
15.6,,32,1,1.8,1,1699.00
14,1000,8,0,1.2,,589.99
13.3,256,16,0,1.46,,821.99
14,1000,32,1,1.46,,2033.26
17.3,1,24,1,,,
16,8,32,1,,,
14,1000,16,0,1.46,,1305.17
16,1000,32,1,1.46,,2400.99
15.6,2000,32,1,1.46,,2255.92
15.6,1000,16,1,1.46,,1409.99
17.3,1000,64,1,1.46,,3196.99
15.6,1152,20,0,1.1,5,389.99
14,64,16,0,1.1,4.7,389.99
15.6,1000,16,0,1.1,4.4,459.99
14,128,4,0,1.46,,2211.99
15.6,512,64,0,1.46,,1059.67
15.6,512,16,0,1.46,,942.99
15.6,256,64,0,1.46,,2535.99
15.6,4000,32,0,1.46,,956.49
14,,128,1,,,
14,256,16,0,1.46,,1014.99
14,256,32,0,1.46,,1015.99
15.6,512,32,0,1.46,,953.82
15.6,2000,16,0,1.46,,635.67
15.6,256,8,0,1.46,,1077.99
15.6,1000,64,0,1.46,4.5,999.99
16,1000,32,0,1.46,,899.99
15.6,1000,20,0,1.46,,639.99
15.66,,32,1,1.8,5,1599.00
15.6,,32,1,1.8,1,1699.00
14,1000,8,0,1.2,,589.99
15.6,256,16,0,1.46,,586.96
15.6,512,16,1,1.46,,2810.99
14,256,16,0,1.46,,1056.99
15.6,4000,64,0,1.46,,1037.99
15.6,2,48,1,,,
15.6,2,48,1,,,
15.6,2000,32,0,1.46,,1865.99
15.6,256,16,1,1.46,,1660.99
15.6,1000,64,1,1.46,,2216.99
15.6,1152,20,0,1.1,5,389.99
14,64,16,0,1.1,4.7,389.99
15.6,1000,16,0,1.1,4.4,459.99
15.6,256,8,1,1.46,,2007.99
16,,7,1,1.46,,1
15.6,128,8,0,1.46,,558.99
14,,256,1,,,
15.6,1,16,1,,,
15.6,1000,16,0,1.46,,953.82
15.6,500,32,0,1.46,,645.99
14,512,16,0,1.46,,801.99
14,256,12,0,1.46,,602.47
15.6,2000,8,0,1.46,,693.99
15.6,1000,64,0,1.46,4.5,999.99
16,1000,32,0,1.46,,899.99
15.6,1000,20,0,1.46,,639.99
15.66,,32,1,1.8,5,1599.00
15.6,,32,1,1.8,1,1699.00
14,1000,8,0,1.2,,589.99
15.6,512,8,0,1.46,,599.99
15.6,512,,1,1.46,,1667.99
14,512,8,0,1.46,,807.99
14,256,8,0,1.46,,765.75
15.6,2,64,1,,,
15.6,256,32,0,1.46,,2102.99
15.6,128,16,0,1.46,,1690.99
15.6,256,16,0,1.46,,713.99
16,,256,1,,,
15.6,2000,32,0,1.46,,877.99
15.6,1152,20,0,1.1,5,389.99
14,64,16,0,1.1,4.7,389.99
15.6,1000,16,0,1.1,4.4,459.99
15.6,1000,8,0,1.46,,931.30
15.6,512,12,0,1.46,,732.99
15.6,128,8,0,1.46,,691.99
15.6,1000,,1,1.46,,1626.99
13.3,256,8,0,1.46,,739.99
16,4000,40,1,1.46,,1512.99
15.6,256,8,0,1.46,,2337.99
15.6,2,16,1,,,
16,512,32,1,1.46,,1989.85
15.6,256,16,0,1.46,,864.99
15.6,1000,64,0,1.46,4.5,999.99
16,1000,32,0,1.46,,899.99
15.6,1000,20,0,1.46,,639.99
15.66,,32,1,1.8,5,1599.00
15.6,,32,1,1.8,1,1699.00
14,1000,8,0,1.2,,589.99
17.3,1,16,1,,,
15.6,256,16,0,1.46,,439.99
14,1000,,1,1.46,,1528.99
15.6,500,8,0,1.46,,604.99
16,1,16,1,,,
15.6,512,8,1,,,
14,1000,64,0,1.46,,1158.77
15.6,256,4,0,1.46,,844.58
15.6,1000,16,1,1.46,,1366.99
13.3,256,,1,1.46,,899.99
15.6,1152,20,0,1.1,5,389.99
14,64,16,0,1.1,4.7,389.99
15.6,1000,16,0,1.1,4.4,459.99
16,2000,64,1,1.46,,2738.99
15.6,256,16,0,1.46,,1683.99
15.6,2000,64,0,1.46,,2675.99
14,256,16,0,1.46,,764.99
15.6,4000,64,0,1.46,,1037.99
15.6,8000,16,0,1.46,,1887.38
15.6,1000,32,0,1.46,,992.10
15.6,2000,32,0,1.46,,742.99
15.6,1000,16,0,1.46,,1764.99
15.6,512,16,1,,,
15.6,512,16,1,1.46,,2604.99
15.6,1000,64,0,1.46,4.5,999.99
16,1000,32,0,1.46,,899.99
15.6,1000,20,0,1.46,,639.99
15.66,,32,1,1.8,5,1599.00
15.6,,32,1,1.8,1,1699.00
14,1000,8,0,1.2,,589.99
17.3,2000,64,1,1.46,,2921.99
15.6,1000,64,1,1.46,,3178.99
16,2000,40,1,1.46,,1365.99
16,1000,16,0,1.46,,1084.99
17,512,64,1,1.46,,3331.99
18,1000,64,1,1.46,,3002.99
14,256,8,1,1.46,,813.99
13.3,512,16,0,1.46,,807.99
15.6,1000,16,0,1.46,,1757.99
14,256,16,0,1.46,,1046.99
14,512,16,0,1.46,,2401.99
15.6,1152,20,0,1.1,5,389.99
14,64,16,0,1.1,4.7,389.99
15.6,1000,16,0,1.1,4.4,459.99
18,1000,32,1,1.46,,2790.04
15.6,2,48,1,,,
15.6,512,32,0,1.46,,773.99
15.6,512,16,1,1.46,,2268.99
16,,7,1,1.46,,1
14,256,16,0,1.46,,1212.99
13.3,512,16,0,1.46,,1311.99
14,2000,,1,1.46,,880.99
14,,5,1,1.46,,764.99
15.6,1000,64,0,1.46,4.5,999.99
16,1000,32,0,1.46,,899.99
15.6,1000,20,0,1.46,,639.99
15.66,,32,1,1.8,5,1599.00
15.6,,32,1,1.8,1,1699.00
14,1000,8,0,1.2,,589.99
15.6,512,,1,1.46,,921.16
15.6,512,16,0,1.46,,802.99
14,512,16,0,1.46,,801.99
14,1000,32,0,1.46,,1267.99
15.6,256,16,1,1.46,,1783.99
13.3,512,16,0,1.46,,844.58
18,4000,64,1,1.46,,4143.99
15.6,1,16,1,,,
16,1000,16,1,1.46,,2806.99
15.6,1000,64,0,1.46,,809.99
15.6,128,16,0,1.46,,633.99
16,,7,1,1.46,,1
15.6,1152,20,0,1.1,5,389.99
14,64,16,0,1.1,4.7,389.99
15.6,1000,16,0,1.1,4.4,459.99
16,1,16,1,,,
14,256,16,0,1.46,,764.99
14,256,8,0,1.46,,1733.99
15.6,512,16,1,1.46,,2385.99
14,512,32,1,1.46,,1708.99
17.3,1,16,1,,,
15.6,1,12,1,,,
13.4,512,32,0,1.46,,1720.95
15.6,2,24,1,,,
17,32,128,0,1.46,,4618.00
15.6,1000,64,0,1.46,4.5,999.99
15.66,,32,1,1.8,5,1599.00
15.6,,32,1,1.8,1,1699.00
14,1000,8,0,1.2,,589.99
14,4000,32,1,1.46,,2620.99
15.6,256,16,1,1.46,,1576.99
15.6,256,16,1,1.46,,1929.99
14,512,8,0,1.46,,1204.99
17,1000,32,1,1.46,,3212.99
17,512,64,0,1.46,,2815.30
17,1000,64,0,1.46,,3378.36
17.3,256,32,1,1.46,,2792.78
14,256,16,0,1.46,,1008.94
17.3,1000,32,1,1.46,,2580.73
15.6,1152,20,0,1.1,5,389.99
14,64,16,0,1.1,4.7,389.99
15.6,1000,16,0,1.1,4.4,459.99
15.6,2000,16,0,1.46,,1816.99
15.6,2000,32,0,1.46,,2547.99
15.6,512,32,0,1.46,,640.99
14,512,16,0,1.46,,1023.99
13.3,256,8,0,1.46,,730.99
14,1000,32,0,1.46,,1493.99
15.6,2000,64,0,1.46,,2675.99
15.6,512,32,0,1.46,,1667.99
15.6,4000,16,1,1.46,,3496.99
15.6,1000,64,0,1.46,,2616.99
15.6,256,32,0,1.46,,672.99
15.6,1000,64,0,1.46,4.5,999.99
16,1000,32,0,1.46,,899.99
15.6,1000,20,0,1.46,,639.99
15.66,,32,1,1.8,5,1599.00
15.6,,32,1,1.8,1,1699.00
14,1000,8,0,1.2,,589.99
16,4,64,1,,,
14,256,16,0,1.46,,1431.99
15.6,2,64,1,,,
16,1000,32,1,1.46,,3514.99
14,256,16,0,1.46,,2316.99
15.6,1000,8,1,1.46,,2142.99
15.6,2000,32,1,1.46,,2409.99
15.6,1,32,1,,,
15.6,1152,20,0,1.1,5,389.99
14,64,16,0,1.1,4.7,389.99
15.6,1000,16,0,1.1,4.4,459.99
17.3,1000,32,1,1.46,,2357.99
16,,7,1,1.46,,1
18,1000,32,1,1.46,,2517.99
15.6,2000,64,1,1.46,,2636.99
14,512,16,1,1.46,,1023.99
15.6,1000,32,1,1.46,,1143.99
14,512,16,0,1.46,,807.99
14,512,32,1,1.46,,1139.99
14,512,16,0,1.46,,740.99
17.3,2000,64,1,1.46,,3533.99
15.6,1000,64,0,1.46,4.5,999.99
16,1000,32,0,1.46,,899.99
15.6,1000,20,0,1.46,,639.99
15.66,,32,1,1.8,5,1599.00
15.6,,32,1,1.8,1,1699.00
14,1000,8,0,1.2,,589.99
14,512,32,1,1.46,,1314.99
15.6,512,16,1,1.46,,1334.99
18,4000,64,1,1.46,,3829.99
18,1000,32,1,1.46,,2595.99
13,512,16,0,1.46,,1284.99
18,1000,32,1,1.46,,2720.99
13.3,1000,32,0,1.46,,1724.99
14,256,16,0,1.46,,1357.99
16,1000,16,0,1.46,,1084.99
15.6,1152,20,0,1.1,5,389.99
14,64,16,0,1.1,4.7,389.99
15.6,1000,16,0,1.1,4.4,459.99
16,2,48,1,,,
16,,7,1,1.46,,1
14,256,32,0,1.46,,954.94
15.6,2,24,1,,,
15.6,500,16,0,1.46,,618.99
14,512,64,0,1.46,,1313.99
14,,7,1,1.46,,960.99
14,256,16,0,1.46,,1309.99
14,512,16,0,1.46,,1422.99
15.6,512,32,0,1.46,,1091.99
15.6,1000,64,0,1.46,4.5,999.99
16,1000,32,0,1.46,,899.99
15.6,1000,20,0,1.46,,639.99
15.66,,32,1,1.8,5,1599.00
15.6,,32,1,1.8,1,1699.00
14,1000,8,0,1.2,,589.99
13,512,8,0,1.46,,1253.99
15.6,2000,32,1,1.46,,3111.99
15.6,2,48,1,,,
13.3,256,16,0,1.46,,1076.22
15.6,2000,,1,1.46,,989.85
15.6,512,32,1,1.46,,1781.99
13.3,256,16,0,1.46,,1341.99
15.6,1000,32,1,1.46,,1883.99
17.3,512,8,1,1.46,,1282.99
18,2000,32,1,1.46,,2686.99
15.6,1,32,1,,,
15.6,1152,20,0,1.1,5,389.99
14,64,16,0,1.1,4.7,389.99
15.6,1000,16,0,1.1,4.4,459.99
14,1000,16,0,1.46,,1305.17
15.6,1000,16,1,1.46,,1409.99
18,4000,64,1,1.46,,4143.99
14,1000,32,0,1.46,,1395.99
14,512,16,0,1.46,,1229.99
15.6,2000,64,0,1.46,,1138.50
15.6,2000,,1,1.46,,1768.99
15.6,512,32,1,1.46,,2548.99
15.6,1000,64,0,1.46,4.5,999.99
16,1000,32,0,1.46,,899.99
15.6,1000,20,0,1.46,,639.99
15.66,,32,1,1.8,5,1599.00
15.6,,32,1,1.8,1,1699.00
14,1000,8,0,1.2,,589.99
13.4,1000,32,0,1.46,,1355.84
18,1000,32,1,1.46,,2477.99
17.3,1000,32,1,1.46,,3176.99
13.4,1000,16,0,1.46,,1502.99
14,256,16,0,1.46,,1455.99
16,1000,16,1,1.46,,2280.99
13.3,1000,32,0,1.46,,1614.99
18,2000,64,1,1.46,,2659.99
15.6,1,12,1,,,
15.6,1152,20,0,1.1,5,389.99
14,64,16,0,1.1,4.7,389.99
15.6,1000,16,0,1.1,4.4,459.99
15.6,512,24,1,,,
17.3,512,8,1,,,
17.3,512,16,1,,,
15.6,4,64,1,,,
15.6,2,40,1,,,
15.6,1000,64,0,1.46,4.5,999.99
16,1000,32,0,1.46,,899.99
15.6,1000,20,0,1.46,,639.99
15.66,,32,1,1.8,5,1599.00
15.6,,32,1,1.8,1,1699.00
14,1000,8,0,1.2,,589.99
15.6,2,32,1,,,
15.6,2,32,1,,,
15.6,1,32,1,,,
15.6,1,48,1,,,
15.6,1,32,1,,,
14,256,16,0,1.46,,322.75
,,8,0,1.46,,224.96
15.6,1152,20,0,1.1,5,389.99
14,64,16,0,1.1,4.7,389.99
15.6,1000,16,0,1.1,4.4,459.99
,,16,0,1.46,,1594.95
15.6,2000,64,0,1.46,,2155.99
15.6,1000,32,0,1.46,,1000.99
15.6,512,16,1,1.46,,2219.99
15.6,256,8,0,1.46,,2337.99
15.6,2000,32,0,1.46,,734.99
15.6,1000,8,1,1.46,,2142.99
15.6,256,32,0,1.46,,2085.99
13.4,512,32,0,1.46,,1730.99
15.6,1,24,1,,,
15.6,1000,64,0,1.46,4.5,999.99
16,1000,32,0,1.46,,899.99
15.6,1000,20,0,1.46,,639.99
15.66,,32,1,1.8,5,1599.00
15.6,,32,1,1.8,1,1699.00
14,1000,8,0,1.2,,589.99
13.3,256,16,0,1.46,,991.99
15.6,512,32,0,1.46,,1382.99
15.6,1,32,1,,,
13.4,,7,1,1.46,,1
17,1,64,1,1.46,,3049.00
15.6,1152,20,0,1.1,5,389.99
14,64,16,0,1.1,4.7,389.99
15.6,1000,16,0,1.1,4.4,459.99
17,4,16,1,,,
15.6,1,32,1,,,
16,2,16,1,,,
15.6,1000,64,0,1.46,4.5,999.99
16,1000,32,0,1.46,,899.99
15.6,1000,20,0,1.46,,639.99
15.66,,32,1,1.8,5,1599.00
15.6,,32,1,1.8,1,1699.00
14,1000,8,0,1.2,,589.99
13.3,256,16,1,,,
15.6,2,16,1,,,
17.3,512,12,1,,,
17.3,1,32,1,,,
15.6,1152,20,0,1.1,5,389.99
14,64,16,0,1.1,4.7,389.99
15.6,1000,16,0,1.1,4.4,459.99
14,,8,0,1.9,,1067.47
16.1,2,48,1,,,
15.66,,32,1,1.8,5,1599.00
15.6,,32,1,1.8,1,1699.00
14,1000,8,0,1.2,,589.99
14,1,24,1,,,
17.3,2,12,1,,,
16,2,16,1,,,
14,,32,0,1.8,,1260.75
14,1,16,1,,,
15.6,1152,20,0,1.1,5,389.99
14,64,16,0,1.1,4.7,389.99
15.6,1000,16,0,1.1,4.4,459.99
15.6,,16,0,1.46,,534.87
13.4,1000,16,0,1.46,,1493.99
14,1,24,1,,,
15.6,512,16,0,1.46,,1462.99
15.6,512,,0,1.3,,909.99
15.6,1000,64,0,1.46,4.5,999.99
16,1000,32,0,1.46,,899.99
15.6,1000,20,0,1.46,,639.99
15.66,,32,1,1.8,5,1599.00
15.6,,32,1,1.8,1,1699.00
14,1000,8,0,1.2,,589.99
15.6,256,4,1,1.46,,1563.99
14,,2000,1,,,
15.6,1000,,1,3.5,,1681.99
16,,5,1,,,1
15.6,256,32,0,1.46,,1028.99
15.6,1152,20,0,1.1,5,389.99
14,64,16,0,1.1,4.7,389.99
15.6,1000,16,0,1.1,4.4,459.99
17.3,1,32,1,,,
,,16,1,1.46,,1199.00
16,,16,1,1.46,,1
16.1,2,24,1,,,
,,32,1,1.46,,1399.00
15.6,1000,,0,3.7,,1071.99
16,512,,0,3.4,,2939.99
15.6,1000,64,0,1.46,4.5,999.99
16,1000,32,0,1.46,,899.99
15.6,1000,20,0,1.46,,639.99
15.66,,32,1,1.8,5,1599.00
15.6,,32,1,1.8,1,1699.00
14,1000,8,0,1.2,,589.99
,,4,0,1.46,,434.96
15.6,512,16,1,3.1,,1068.99
14,512,8,1,,,
16,4,64,1,,,
16,512,16,1,,,
15.6,1152,20,0,1.1,5,389.99
14,64,16,0,1.1,4.7,389.99
15.6,1000,16,0,1.1,4.4,459.99
15.6,128,12,0,1.46,,556.99
13.3,256,16,0,1.46,,1197.99
14,1000,16,0,1.46,,834.99
15,512,16,0,1.46,,1046.99
15,128,8,0,1.46,,1021.99
14,1000,32,1,1.46,,1327.99
16,4000,64,1,1.46,,4881.99
15.6,2,12,1,,,
14,256,8,0,1.46,,1161.99
15.6,512,32,1,1.46,,1513.99
15.66,,32,1,1.8,5,1599.00
15.6,,32,1,1.8,1,1699.00
14,1000,8,0,1.2,,589.99
15.6,1000,16,1,1.46,,2368.99
17,2000,64,1,1.46,,3179.99
18,1000,32,1,1.46,,2408.99
15.6,2,8,1,,,
17,3,16,1,,,
15.6,1152,20,0,1.1,5,389.99
15.66,,32,1,1.8,5,1599.00
15.6,,32,1,1.8,1,1699.00
14,1000,8,0,1.2,,589.99
13.4,,7,1,,,1
15.6,2000,32,0,1.46,,802.99
16,1000,32,0,1.46,,1680.99
13.4,,7,1,,,1
,,16,1,1.46,,696.34
15.6,256,8,0,1.46,,607.99
16,1000,64,1,1.46,,2032.65
15.6,256,8,0,1.46,,637.99
14,256,16,0,1.8,,1444.99
13.4,2000,32,0,1.46,,1889.99
15.66,,32,1,1.8,5,1599.00
15.6,,32,1,1.8,1,1699.00
14,1000,8,0,1.2,,589.99
15.6,512,16,1,1.46,,1565.99
16,256,8,1,1.46,,415.99
15.6,1,48,1,,,
14,2,8,1,,,
17.3,2,64,1,,,
15.6,1152,20,0,1.1,5,389.99
14,64,16,0,1.1,4.7,389.99
15.6,1000,16,0,1.1,4.4,459.99
15.6,1,32,1,,,
15.6,1000,,1,3.5,,1693.99
15.6,2000,,1,3.5,,1714.99
15.6,1000,32,0,1.46,,1079.99
15.66,,32,1,1.8,5,1599.00
15.6,,32,1,1.8,1,1699.00
14,1000,8,0,1.2,,589.99
12,512,32,0,1.46,,2696.99
15.6,2,8,1,,,
16,256,16,0,1.46,,1927.99
12,512,32,0,1.46,,2691.99
14,64,4,1,1.46,,299.00
15.6,1,8,1,,,
15.6,2,24,1,,,
,,16,0,1.46,,959.00
15.6,1152,20,0,1.1,5,389.99
14,64,16,0,1.1,4.7,389.99
15.6,1000,16,0,1.1,4.4,459.99
13.4,1000,16,0,1.46,,1517.99
15.6,512,,0,3.9,,2425.07
15.6,1000,,1,3.5,,1655.99
16,1000,32,0,1.46,,2324.99
15.6,512,4,0,1.46,,597.99
13.3,256,16,0,1.46,,900.89
15.6,1000,64,0,1.46,4.5,999.99
16,1000,32,0,1.46,,899.99
15.6,1000,20,0,1.46,,639.99
15.66,,32,1,1.8,5,1599.00
15.6,,32,1,1.8,1,1699.00
14,1000,8,0,1.2,,589.99
15.6,1000,32,0,1.1,,951.99
16,1000,,1,3.4,,2310.99
16,512,32,1,1.46,,3319.99
16,1000,64,1,1.46,,2100.22
15.6,2000,32,1,1.46,,2648.99
14,1000,16,0,1.8,4,1528.99
17,512,32,1,1.46,,2785.99
15.6,1152,20,0,1.1,5,389.99
14,64,16,0,1.1,4.7,389.99
15.6,1000,16,0,1.1,4.4,459.99
14,2000,32,1,1.46,,1058.99
15.66,,32,1,1.8,5,1599.00
15.6,,32,1,1.8,1,1699.00
15.66,,32,1,1.8,5,1599.00
15.6,,32,1,1.8,1,1699.00
14,1000,8,0,1.2,,589.99
15.6,512,8,0,1.46,,591.99
14,512,8,0,0.9,,1771.99
14,256,,0,3.3,,938.99
